ID,link
ILLU_10332_97_0,https://commons.wikimedia.org/wiki/%C3%89douard_Manet?uselang=fr
ILLU_10332_142_0,https://www.musee-orsay.fr/fr/expositions/presentation/degas-et-le-nu-196166
ILLU_10346_255_0,http://www.artnet.fr/artistes/eug%C3%A8ne-delacroix/tigre-et-serpent-TjymdL_SyBkNIDMfN6E59A2
ILLU_10347_336_0,http://www.artnet.fr/artistes/sherrie-levine/after-degas-a-gdsYV6HHSZqUTeOsdp-bYA2
ILLU_10347_340_0,https://www.musee-orsay.fr/fr/oeuvres/le-champ-de-courses-jockeys-amateurs-pres-dune-voiture-1148
ILLU_10358_92_1,https://commons.wikimedia.org/wiki/Category:Martin_Greif
ILLU_10366_48_0,https://commons.wikimedia.org/wiki/File:Selbstbildnis_mit_schwarzem_Hund.jpg
ILLU_10367_65_0,http://www.artnet.fr/artistes/juan-gris/
ILLU_10367_65_0,http://www.artnet.fr/artists/juan-gris/2
ILLU_10370_145_0,http://www.artnet.fr/artistes/raoul-dufy/
ILLU_10394_358_1,https://www.musee-orsay.fr/fr/oeuvres/cheval-blesse-66953
ILLU_10397_164_1,https://commons.wikimedia.org/wiki/File:Paul_Gauguin_-_Three_Tahitians_-_Google_Art_Project.jpg
ILLU_10398_343_0,https://www.musee-orsay.fr/en/node/101540
ILLU_10447_136_0,http://www.artnet.fr/artists/anders-zorn/2
ILLU_10447_136_0,http://www.artnet.fr/artists/anders-zorn/4
ILLU_10447_136_0,http://www.artnet.fr/artists/anders-zorn/3
ILLU_10448_189_0,https://commons.wikimedia.org/wiki/File:Millet_by_Romain_Rolland_-_The_Pig-Killers.jpg
ILLU_10450_9_0,https://commons.wikimedia.org/wiki/Category:The_Three_Shades_by_Auguste_Rodin?uselang=fr
ILLU_10453_93_0,"https://commons.wikimedia.org/wiki/File:Hans_Holbein_the_Younger,_Letter_M,_NGA_11937.jpg"
ILLU_10457_216_0,https://commons.wikimedia.org/wiki/File:Pierre_Bonnard_-_Un_couple_s%27embrassant_(Daphnis_et_Chlo%C3%A9)_-_Met_Collection.jpg
ILLU_10462_34_0,https://commons.wikimedia.org/wiki/File:Wilhelm_Leibl_-_Portr%C3%A4t_des_Malers_Fritz_Paulsen_(1870).jpg
ILLU_10462_34_0,https://commons.wikimedia.org/wiki/File:1870_Leibl_Maler_Fritz_Paulsen.JPG
ILLU_10466_428_0,http://www.artnet.fr/artistes/paul-c%C3%A9zanne/nature-morte-aux-fruits-et-pot-de-gingembre-Qhqv13uvEG2AIeEj5O6Yiw2
ILLU_10466_428_0,http://www.artnet.fr/artistes/paul-c%C3%A9zanne/49
ILLU_10466_480_0,https://www.musee-orsay.fr/fr/oeuvres/la-maison-du-pendu-auvers-sur-oise-1476
ILLU_10467_502_0,https://commons.wikimedia.org/wiki/File:Jean_Sim%C3%A9on_Chardin_-_Still-Life_with_Dead_Pheasant_and_Hunting_Bag_-_WGA04776.jpg
ILLU_10467_502_0,https://commons.wikimedia.org/wiki/File:Still_Life_with_Dead_Pheasant_-_Jean-Baptiste-Sim%C3%A9on_Chardin_-_Google_Cultural_Institute.jpg
ILLU_10480_273_0,http://www.artnet.fr/artists/pierre-bonnard/3
ILLU_10480_273_0,http://www.artnet.fr/artists/pierre-bonnard/6
ILLU_10552_16_0,https://commons.wikimedia.org/wiki/File:F_A_Kaulbach_Junges_M%C3%A4dchen.jpg
ILLU_10552_16_0,http://www.artnet.fr/artists/friedrich-august-von-kaulbach/5
ILLU_10552_17_0,https://commons.wikimedia.org/wiki/Category:Isadora_Duncan
ILLU_10552_19_0,"https://commons.wikimedia.org/wiki/File:Friedrich_August_von_Kaulbach_-_Portr%C3%A4t_der_Grossf%C3%BCrstin_Anastasia_von_Russland,_1903.jpg"
ILLU_10555_209_0,http://www.artnet.fr/artists/julius-diez/
ILLU_10640_59_0,http://www.artnet.fr/artistes/henry-d-estienne/
ILLU_10645_303_0,https://commons.wikimedia.org/wiki/Category:Leo_von_K%C3%B6nig
ILLU_10647_224_0,http://www.artnet.fr/artistes/albert-marquet/toits-de-paris-3rx9yvvj4bng_w83hVXITQ2
ILLU_10652_99_0,https://commons.wikimedia.org/wiki/File:Degas_-_Die_B%C3%BCglerin.jpg
ILLU_10652_139_0,https://commons.wikimedia.org/wiki/File:The_Toilet_2121.jpg
ILLU_10652_147_0,"https://commons.wikimedia.org/wiki/File:Degas_-_Seated_Nude_Woman_Brushing_Her_Hair,_between_1885_and_1908,_2005.63.jpg"
ILLU_10655_618_0,http://www.artnet.fr/artistes/gustave-courbet/apotre-jean-journet-partant-pour-la-conquete-de-fhr2psjXGFrOt2ZQJmXNLQ2
ILLU_10665_543_0,http://www.artnet.fr/artistes/pierre-auguste-renoir/baigneuse-assise-sur-un-rocher-lcqpoWwjxB8NPG5ar0kuug2
ILLU_10670_177_0,https://www.musee-orsay.fr/fr/oeuvres/le-dejeuner-sur-lherbe-25651
ILLU_10670_196_0,https://www.musee-orsay.fr/fr/oeuvres/le-salon-aux-trois-lampes-rue-saint-florentin-109909
ILLU_10670_196_0,https://www.musee-orsay.fr/it/node/187691
ILLU_10670_199_0,https://commons.wikimedia.org/wiki/File:Max_Liebermann_-_Die_Rasenbleiche.jpg
ILLU_10720_475_0,"https://commons.wikimedia.org/wiki/File:Camille_Pissarro_-_Pontoise,_Bords_de_l%C2%B4Oise_-_1872.jpg"
ILLU_10720_484_0,https://www.musee-orsay.fr/en/artworks/coteau-de-lhermitage-pontoise-1006
ILLU_10725_388_0,http://www.artnet.fr/artistes/%C3%A9douard-manet/portrait-de-madame-du-paty-QI5lXQ_lcJCLlcMwAFUH7w2
ILLU_10725_388_0,https://commons.wikimedia.org/wiki/File:%C3%89douard_Manet_-_Madame_du_Paty.jpg
ILLU_10754_266_0,https://commons.wikimedia.org/wiki/Category:Toulouse-Lautrec_(Delteil_230)
ILLU_10759_423_0,https://www.musee-orsay.fr/fr/oeuvres/le-grand-jardin-775
ILLU_10875_311_0,http://www.artnet.fr/artists/edvard-munch/6
ILLU_10875_311_0,http://www.artnet.fr/artists/edvard-munch/5
ILLU_10875_311_0,http://www.artnet.fr/artists/edvard-munch/4
ILLU_10875_322_0,http://www.artnet.fr/artistes/edvard-munch/
ILLU_10875_322_0,http://www.artnet.fr/artists/edvard-munch/2
ILLU_10934_350_0,https://commons.wikimedia.org/wiki/File:PORTRAIT_DE_LA_PRINCESSE_MATHILDE.jpg
ILLU_10946_225_0,http://www.artnet.fr/artistes/eugene-druet/
ILLU_10947_534_0,https://www.musee-orsay.fr/fr/oeuvres/portrait-de-madame-auguste-perret-75969
ILLU_10947_538_0,http://www.artnet.fr/artists/th%C3%A9o-van-rysselberghe/9
ILLU_10947_538_0,http://www.artnet.fr/artists/th%C3%A9o-van-rysselberghe/7
ILLU_10949_71_0,https://commons.wikimedia.org/wiki/File:Ingres_-_Kopf_der_Minerva_(Athene).jpg
ILLU_10955_85_0,https://commons.wikimedia.org/wiki/Category:Paintings_of_reading_women_by_Pierre-Auguste_Renoir
ILLU_10967_83_0,"https://commons.wikimedia.org/wiki/File:Odilon_Redon,_Profil_de_lumiere_(Profile_of_light),_1886,_NGA_47208.jpg"
ILLU_10972_269_0,https://commons.wikimedia.org/wiki/File:%C3%89douard_Manet_-_Sous_le_Arbes.jpg
ILLU_10974_283_0,http://www.artnet.fr/artistes/rodolphe-bresdin/
ILLU_10974_285_0,http://www.artnet.fr/artistes/rodolphe-bresdin/les-repos-en-egypte-a-lane-bate-d-an-gelder-no138-2PbwRTgBsu4EoNGiOeo46Q2
ILLU_11256_238_0,https://commons.wikimedia.org/wiki/File:Munk%C3%A1csy_A_falu_h%C5%91se_1882.jpg
ILLU_11256_238_0,https://commons.wikimedia.org/wiki/File:Munk%C3%A1csy_A_falu_h%C5%91se_v%C3%A1zlat.jpg
ILLU_11256_238_0,https://commons.wikimedia.org/wiki/Category:Paintings_by_Mih%C3%A1ly_Munk%C3%A1csy
ILLU_11283_324_0,https://commons.wikimedia.org/wiki/Paintings_by_Moritz_von_Schwind
ILLU_11288_482_0,https://www.musee-orsay.fr/fr/oeuvres/le-golfe-de-marseille-vu-de-lestaque-1309
ILLU_11290_139_0,https://commons.wikimedia.org/wiki/File:%C3%89douard_Manet_-_Lapin.JPG
ILLU_11311_282_0,http://www.artnet.fr/artists/paul-c%C3%A9zanne/6
ILLU_11311_282_0,http://www.artnet.fr/artists/paul-c%C3%A9zanne/4
ILLU_11311_282_0,http://www.artnet.fr/artists/paul-c%C3%A9zanne/5
ILLU_11316_483_0,http://www.artnet.fr/artistes/hugo-von-habermann-the-elder/
ILLU_11317_598_0,https://commons.wikimedia.org/wiki/File:FamilieZeller1804.jpg
ILLU_11317_598_0,https://commons.wikimedia.org/wiki/Category:Johann_Baptist_Seele
ILLU_11318_587_0,http://www.artnet.fr/artistes/jules-pascin/
ILLU_11338_550_1,"https://commons.wikimedia.org/wiki/File:Lovis_Corinth_-_Walchensee,_Landschaft_mit_Kuh.jpg"
ILLU_11340_640_0,https://commons.wikimedia.org/wiki/File:Van_Gogh_-_Die_Ebene_%22La_Crau%22_bei_Arles_mit_Montmajour_im_Hintergrund.jpeg
ILLU_11340_640_2,https://commons.wikimedia.org/wiki/File:Vincent_van_Gogh_-_Wheat_Fields_after_the_Rain_(1890).jpg
ILLU_11340_648_1,http://www.artnet.fr/artistes/vincent-van-gogh/le-jardin-dautomne-le-jardin-public-PmxpttC7eGU9A3kumBMeJw2
ILLU_11340_648_3,http://www.artnet.fr/artistes/vincent-van-gogh/le-jardin-dautomne-le-jardin-public-PmxpttC7eGU9A3kumBMeJw2
ILLU_11345_864_0,http://www.artnet.fr/artists/charles-dufresne/2
ILLU_11345_864_0,http://www.artnet.fr/artistes/charles-dufresne/
ILLU_11349_234_0,https://www.musee-orsay.fr/fr/oeuvres/restaurant-de-la-machine-bougival-8048
ILLU_11349_234_0,http://www.artnet.fr/artistes/maurice-de-vlaminck/le-pont-de-poissy-CLk04D4w31j5gSBUOw6W3Q2
ILLU_11367_191_3,https://www.musee-orsay.fr/fr/expositions/le-douanier-rousseau-jungles-paris-196267
ILLU_11374_410_0,http://www.artnet.fr/artists/hilding-linnqvist/4
ILLU_11375_523_3,https://commons.wikimedia.org/wiki/File:Vincent_van_Gogh_-_Olive_Trees_with_Yellow_Sky_and_Sun.jpg
ILLU_11376_766_2,http://www.artnet.fr/artistes/philip-pearlstein/two-nude-women-a-YG9WgHCXd_vcwnZELRsANw2
ILLU_11376_766_2,http://www.artnet.fr/artists/philip-pearlstein/two-nude-women-ANm0HEAPvx_1iBfFA8Fztw2
ILLU_11379_87_0,https://www.musee-orsay.fr/fr/oeuvres/emile-zola-713
ILLU_11379_92_0,https://commons.wikimedia.org/wiki/File:%C3%89douard_Manet_-_La_Parisienne.jpg
ILLU_11388_390_0,https://www.musee-orsay.fr/fr/oeuvres/la-table-de-toilette-9074
ILLU_11390_723_1,http://www.artnet.fr/artists/james-ensor/peste-dessous-peste-dessus-peste-partout-JGz7zrEAVLYdJpj563R4Lg2
ILLU_11390_726_1,http://www.artnet.fr/artistes/james-ensor/les-bons-juges-the-good-judges-e2YdTFwQBHfjm9TyHrUnrQ2
ILLU_11397_544_0,"https://commons.wikimedia.org/wiki/File:Georges_Kars,_Balen%C3%AD_citron%C5%AF_na_Mallorce,_1912.jpg"
ILLU_11402_784_2,"https://commons.wikimedia.org/wiki/File:Jean-Auguste-Dominique_Ingres,_Auguste_%C3%A9coutant_la_lecture_de_l%27En%C3%A9ide_(c_1814).jpg"
ILLU_11416_18_0,https://www.musee-orsay.fr/fr/oeuvres/premier-projet-pour-la-facade-du-theatre-des-champs-elysees-58021
ILLU_11420_149_0,https://www.musee-orsay.fr/fr/oeuvres/fleurs-et-fruits-10895
ILLU_11420_149_2,https://www.musee-orsay.fr/fr/oeuvres/fleurs-et-fruits-10895
ILLU_11423_270_0,http://www.artnet.fr/artistes/master-of-the-mass-of-st-gregory/
ILLU_11428_445_1,https://commons.wikimedia.org/wiki/Category:Gothic_altars_in_Berlin
ILLU_11428_445_1,https://commons.wikimedia.org/wiki/Category:Triptychs_in_Germany
ILLU_11431_739_0,http://www.artnet.fr/artistes/karl-hofer/
ILLU_11440_602_0,https://commons.wikimedia.org/wiki/File:Jean-Baptiste_Camille_Corot_-_Eurydice_bless%C3%A9e_(collection_Doria).jpg
ILLU_11440_603_0,"https://commons.wikimedia.org/wiki/File:Corot_-_The_Dreamer_at_the_Fountain,_1855%E2%80%9363.jpg"
ILLU_11456_354_0,http://www.artnet.fr/artistes/%C3%A9douard-manet/
ILLU_11459_323_0,https://commons.wikimedia.org/wiki/File:Arum-and-conservatory-plants-1864.jpg
ILLU_11478_129_0,https://www.musee-orsay.fr/fr/oeuvres/le-golfe-de-marseille-vu-de-lestaque-1309
ILLU_11503_397_0,https://www.musee-orsay.fr/fr/oeuvres/portrait-de-madame-emile-zola-18137
ILLU_11522_109_0,https://www.musee-orsay.fr/fr/oeuvres/le-dejeuner-sur-lherbe-904
ILLU_11529_228_0,https://www.musee-orsay.fr/fr/expositions/portraits-de-cezanne-196096
ILLU_11547_68_0,https://commons.wikimedia.org/wiki/File:Zille_1922.jpg
ILLU_11550_264_0,https://commons.wikimedia.org/wiki/File:Ordono1Asturias.jpg
ILLU_11551_318_0,https://www.musee-orsay.fr/fr/oeuvres/le-moulin-de-saint-nicolas-lez-arras-33
ILLU_11569_294_0,https://commons.wikimedia.org/wiki/File:%C3%89douard_Manet_-_Portrait_d%27Alice_Lecouv%C3%A9_dans_un_Fautheuil.jpg
ILLU_11580_143_0,http://www.artnet.fr/artistes/pablo-picasso/famille-dacrobate-OH19YLo5Xylw_65nmjFbcw2
ILLU_11584_216_0,https://www.musee-orsay.fr/fr/oeuvres/olympia-712
ILLU_11584_216_0,https://commons.wikimedia.org/wiki/File:Study_of_olympia_manet.jpg
ILLU_11996_1613_0,https://commons.wikimedia.org/wiki/File:Jacob_Ochtervelt_-_The_Drawing_Lesson_-_WGA16618.jpg
ILLU_12014_482_0,https://www.musee-orsay.fr/fr/oeuvres/mademoiselle-dihau-au-piano-10002
ILLU_12014_482_0,https://www.musee-orsay.fr/fr/oeuvres/mademoiselle-dihau-au-piano-10002
ILLU_12014_482_0,https://www.musee-orsay.fr/fr/oeuvres/mademoiselle-dihau-au-piano-10002
ILLU_12014_482_0,https://www.musee-orsay.fr/fr/oeuvres/mademoiselle-dihau-au-piano-10002
ILLU_12036_122_0,https://commons.wikimedia.org/wiki/File:Ingres_-_Joseph-Antoine_de_Nogent.jpg
ILLU_12036_122_0,https://commons.wikimedia.org/wiki/File:Ingres_-_Joseph-Antoine_de_Nogent.jpg
ILLU_12206_4711_1,https://commons.wikimedia.org/wiki/File:Whistler_-_Arrangement_in_Flesh_Colour_and_Black_Portrait_of_Theodore_Duret.jpg
ILLU_12213_1505_1,http://www.artnet.fr/artists/martin-schongauer/15
ILLU_12225_3504_0,https://commons.wikimedia.org/wiki/File:Camille_Pissarro_-_Vue_de_Pontoise_-_1884.jpg
ILLU_12225_3504_0,https://commons.wikimedia.org/wiki/File:Camille_Pissarro_-_Vue_de_Pontoise_-_1884.jpg
ILLU_12239_2102_1,http://www.artnet.fr/artistes/maurice-utrillo/
ILLU_12239_2102_1,http://www.artnet.fr/artistes/maurice-utrillo/
ILLU_12239_2102_1,http://www.artnet.fr/artistes/maurice-utrillo/
ILLU_12239_2102_1,http://www.artnet.fr/artistes/maurice-utrillo/
ILLU_12315_67_0,https://commons.wikimedia.org/wiki/File:Auguste_Rodin_-_B%C3%BCste_Gustav_Mahler.jpg
ILLU_12315_68_0,https://commons.wikimedia.org/wiki/File:Jan_Stursa_-_Nach_dem_Bade.jpg
ILLU_12410_321_0,https://commons.wikimedia.org/wiki/File:Pierre-Auguste_Renoir_-_Lise_in_a_Straw_Hat_(Jeune_fille_au_chapeau_de_paille)_-_BF874_-_Barnes_Foundation.jpg
ILLU_12412_837_0,http://www.artnet.fr/artists/auguste-herbin/4
ILLU_12412_837_0,http://www.artnet.fr/artists/auguste-herbin/2
ILLU_12412_837_0,http://www.artnet.fr/artists/auguste-herbin/3
ILLU_12412_837_1,http://www.artnet.fr/artists/auguste-herbin/4
ILLU_12412_837_1,http://www.artnet.fr/artists/auguste-herbin/2
ILLU_12432_138_0,http://www.artnet.fr/artistes/camille-bombois/
ILLU_12437_363_0,https://commons.wikimedia.org/wiki/File:Hardenberg_kuno_ferdinand_graf_von_1931.jpg
ILLU_12437_363_0,https://commons.wikimedia.org/wiki/Category:Kuno_von_Hardenberg
ILLU_12443_357_0,http://www.artnet.fr/artistes/marc-chagall/les-mari%C3%A9s-de-la-tour-eiffel-2H2PByJE-C42tN82ddlAhw2
ILLU_12561_188_0,https://commons.wikimedia.org/wiki/Category:Carl_von_Marr
ILLU_12567_54_0,https://commons.wikimedia.org/wiki/File:Alexander_Kanoldt_Still_Life_I.jpg
ILLU_12724_484912_1,https://commons.wikimedia.org/wiki/File:Andromache_and_Priam_Urging_Hector_Not_to_Go_to_War_(from_Scenes_from_the_Story_of_the_Trojan_War)_MET_DT11530.jpg
ILLU_12724_484912_1,https://commons.wikimedia.org/wiki/File:Andromache_and_Priam_Urging_Hector_Not_to_Go_to_War_(from_Scenes_from_the_Story_of_the_Trojan_War)_MET_DT11530.jpg
ILLU_12754_482_0,https://commons.wikimedia.org/wiki/File:Altarbild_(Liselotte_Schramm-Heckmann)_geschlossen.jpg
ILLU_12754_482_0,https://commons.wikimedia.org/wiki/File:Friedrich_Tenbruck.jpg
ILLU_12765_2102_0,"https://commons.wikimedia.org/wiki/File:Paul_C%C3%A9zanne_-_Fruits,_serviette_et_bo%C3%AEte_%C3%A0_lait.jpg"
ILLU_12768_289_0,http://www.artnet.fr/artists/eug%C3%A8ne-zak/4
ILLU_13055_13_0,https://www.musee-orsay.fr/fr/oeuvres/la-famille-du-peintre-16407
ILLU_13060_346_2,https://commons.wikimedia.org/wiki/File:Heinrich_Vogeler_Ex_libris_Georg_Strauch_1909.jpg
ILLU_13061_275_0,https://www.musee-orsay.fr/fr/oeuvres/le-bucheron-134807
ILLU_13067_7_0,https://commons.wikimedia.org/wiki/Category:Hans_Adolf_B%C3%BChler
ILLU_13067_7_0,https://commons.wikimedia.org/wiki/Category:20th-century_portrait_paintings_of_artist%27s_wife
ILLU_13069_302_1,http://www.artnet.fr/artistes/josse-goossens/
ILLU_13070_364_1,http://www.artnet.fr/artistes/alfred-stieglitz/net-mender-holland-RolWi4_STHE-ODsjimEPJA2
ILLU_13074_286_0,https://commons.wikimedia.org/wiki/Category:Heinrich_Eduard_Linde-Walther
ILLU_13074_286_0,https://commons.wikimedia.org/wiki/Category:Heinrich_Eduard_Linde-Walther?uselang=de
ILLU_13075_295_0,https://commons.wikimedia.org/wiki/File:Ernst_Bischoff-Culm_-_Auf_dem_Heimweg.jpg
ILLU_13075_296_0,https://commons.wikimedia.org/wiki/File:Lovis_Corinth_-_Blick_auf_den_K%C3%B6hlbrand_-_Hamburger_Kunsthalle_2.jpg
ILLU_13075_304_0,https://commons.wikimedia.org/wiki/Category:Heinrich_Eduard_Linde-Walther
ILLU_13075_305_0,https://commons.wikimedia.org/wiki/Max_Liebermann?uselang=fr
ILLU_13075_305_0,https://commons.wikimedia.org/wiki/Max_Liebermann
ILLU_13075_305_0,https://commons.wikimedia.org/wiki/Max_Liebermann?uselang=bg
ILLU_13075_305_0,https://commons.wikimedia.org/wiki/Category:Portraits_by_Max_Liebermann
ILLU_13075_305_0,https://commons.wikimedia.org/wiki/Max_Liebermann?uselang=de
ILLU_13077_369_0,https://commons.wikimedia.org/wiki/File:Pierwsze_kroki.jpg
ILLU_13081_181_0,http://www.artnet.fr/artistes/erich-erler-samedan/
ILLU_13083_244_0,https://commons.wikimedia.org/wiki/File:Leopold_von_Kalckreuth_-_Portr%C3%A4t_Alfred_Lichtwark_(1912).jpg
ILLU_13084_319_0,https://commons.wikimedia.org/wiki/File:%C3%89douard_Manet_-_Liseuse_(RW_114).jpg
ILLU_13255_98_0,https://commons.wikimedia.org/wiki/File:Capitole_Toulouse_-_Salle_Henri-Martin_-_Le_printemps_par_Henri_Martin.jpg
ILLU_13259_554_0,"https://commons.wikimedia.org/wiki/File:Oskar_Zwintscher_-_Des_K%C3%BCnstlers_Gattin,_c._1904.jpg"
ILLU_13260_596_0,https://commons.wikimedia.org/wiki/Category:1904_portrait_paintings_of_men
ILLU_13260_596_0,https://commons.wikimedia.org/wiki/Fritz_Erler_(painter)
ILLU_13263_146_0,"https://commons.wikimedia.org/wiki/File:Paul_Poiret--_-_Vorraum_zum_Speisezimmer._Ausstellung_bei_Herrmann_Gerson,_Berlin,_1913.jpg"
ILLU_13268_365_0,http://www.artnet.fr/artistes/max-pechstein/
ILLU_13284_210_0,"https://commons.wikimedia.org/wiki/File:Georges_Kars,_Balen%C3%AD_citron%C5%AF_na_Mallorce,_1912.jpg"
ILLU_13287_20_0,https://commons.wikimedia.org/wiki/Category:Paintings_by_Henri_Rousseau
ILLU_13290_290_0,https://commons.wikimedia.org/wiki/File:Ludwig_Richter_-_The_Watzman_-_WGA19457.jpg
ILLU_13290_294_0,https://commons.wikimedia.org/wiki/File:Ferdinand_Olivier_-_Brunnen_in_der_Campagna_-_8920_-_Bavarian_State_Painting_Collections.jpg
ILLU_13291_21_0,https://www.musee-orsay.fr/fr/oeuvres/siesta-25641
ILLU_13297_321_0,https://commons.wikimedia.org/wiki/File:Country_Scene_with_Stile_.PNG
ILLU_13300_203_0,http://www.artnet.fr/artistes/richard-gessner/
ILLU_13315_380_0,http://www.artnet.fr/artistes/eug%C3%A8ne-zak/
ILLU_13315_385_0,http://www.artnet.fr/artistes/eug%C3%A8ne-zak/
ILLU_13315_386_0,http://www.artnet.fr/artists/eug%C3%A8ne-zak/4
ILLU_13315_389_0,http://www.artnet.fr/artists/eug%C3%A8ne-zak/4
ILLU_13325_9_0,https://commons.wikimedia.org/wiki/File:Edvard_Munch_-_Horse_Team_in_Snow_-_MM.M.00368_-_Munch_Museum.jpg
ILLU_13332_334_0,http://www.artnet.fr/artists/paul-c%C3%A9zanne/6
ILLU_13332_334_0,http://www.artnet.fr/artists/paul-c%C3%A9zanne/4
ILLU_13332_334_0,http://www.artnet.fr/artists/paul-c%C3%A9zanne/5
ILLU_13332_337_0,http://www.artnet.fr/artistes/armand-guillaumin/paysage-dile-de-france-la-marne-UPeE8scCjM6KrOZuyPucpw2
ILLU_13332_345_1,http://www.artnet.fr/artistes/th%C3%A9odule-ribot/
ILLU_13339_107_0,http://www.artnet.fr/artists/edgar-ende/3
ILLU_13342_415_0,http://www.artnet.fr/artistes/karl-hofer/
ILLU_13350_370_0,http://www.artnet.fr/artistes/barthel-gilles/
ILLU_13383_208_1,http://www.artnet.fr/artistes/marcello-nizzoli/campari-laperitivo-lloNWt4oewh2WhGzJUx5_Q2
ILLU_13393_228_0,https://commons.wikimedia.org/wiki/File:Jules_Pascin_-_Bildnis_Maria_Lani.jpg
ILLU_13393_228_1,http://www.artnet.fr/artistes/chaim-soutine/portrait-de-maria-lani-vXNCgKtmjOXp6UJ9mspvSQ2
ILLU_13393_228_1,http://www.artnet.fr/artists/cha%C3%AFm-soutine/15
ILLU_13393_233_0,https://commons.wikimedia.org/wiki/File:Charles_Despiau_-_B%C3%BCste_Maria_Lani.jpg
ILLU_13393_246_0,https://commons.wikimedia.org/wiki/File:Grete_Neuwalder-Wien_-_M%C3%A4dchenkopf._Ton.jpg
ILLU_13393_246_0,https://commons.wikimedia.org/wiki/Category:Grete_Neuwalder
ILLU_13393_246_0,https://commons.wikimedia.org/wiki/File:Grete_Neuwalder-Wien_-_M%C3%A4dchenkopf._Bemalter_Ton.jpg
ILLU_13393_246_0,https://commons.wikimedia.org/wiki/Category:Grete_Neuwalder?uselang=de
ILLU_13406_119_0,http://www.artnet.fr/artistes/elie-lascaux/
ILLU_14254_186_3,http://www.artnet.fr/artistes/paul-klee/50
ILLU_14256_202_2,https://commons.wikimedia.org/wiki/File:Alexej_Jawlensky_-_L%C3%A4nglicher_Kopf_in_Braunrot.jpg
ILLU_14256_204_0,"https://commons.wikimedia.org/wiki/File:Abstract_Head--Autumn_and_Dying_by_Alexei_Jawlensky,_1923.jpg"
ILLU_14268_18_1,https://commons.wikimedia.org/wiki/File:Max_Slevogt_Prinzregent_Luitpold.jpg
ILLU_14280_173_0,https://commons.wikimedia.org/wiki/File:Hans_Burgkmair_d._%C5%BD._-_Madonna_with_Grape_-_WGA03698.jpg
ILLU_14280_179_0,http://www.artnet.fr/artistes/hans-burgkmair-the-elder/
ILLU_14292_40_0,https://commons.wikimedia.org/wiki/File:Lucia_MET_DP111651.jpg
ILLU_14297_333_1,"https://commons.wikimedia.org/wiki/File:Kandinsky_-_Veiled_Glow,_1928.jpg"
ILLU_14302_111_1,http://www.artnet.fr/artistes/walter-gropius/dammerstock-vue-des-chambres-principales-5c9w5qlrhDPKRWW4KlgLmA2
ILLU_14302_111_1,http://www.artnet.fr/artistes/walter-gropius/
ILLU_14302_111_3,http://www.artnet.fr/artistes/walter-gropius/dammerstock-vue-des-chambres-principales-5c9w5qlrhDPKRWW4KlgLmA2
ILLU_14318_315_2,http://www.artnet.fr/artists/raoul-hausmann/9
ILLU_14318_315_2,http://www.artnet.fr/artists/raoul-hausmann/8
ILLU_14318_317_3,http://www.artnet.fr/artistes/raoul-hausmann/der-dada-72mUw0Hj0OmQzNhSXI34dg2
ILLU_14319_402_1,http://www.artnet.fr/artistes/max-ernst/le-poisson-et-le-vapeur-Wy6gyRa7Ux_o2L5rRBcxmA2
ILLU_14322_137_1,https://commons.wikimedia.org/wiki/File:Hans_Burgkmair_d._%C5%BD._-_Madonna_with_Grape_-_WGA03698.jpg
ILLU_14326_478_0,http://www.artnet.fr/artistes/charles-loupot/valentine-ahMZQK7BJnR0snZxyzbTSQ2
ILLU_14353_693_2,https://commons.wikimedia.org/wiki/File:Anselm_Feuerbach_-_Dante_und_die_edlen_Frauen_von_Ravenna_-_551_-_Staatliche_Kunsthalle_Karlsruhe.jpg
ILLU_14353_693_3,https://commons.wikimedia.org/wiki/File:Anselm_Feuerbach_-_Dante_und_die_edlen_Frauen_von_Ravenna_-_551_-_Staatliche_Kunsthalle_Karlsruhe.jpg
ILLU_14374_65_6,"https://commons.wikimedia.org/wiki/File:Daumier_-_Les_amateurs_d%27estampes,_1865.jpg"
ILLU_14410_184_0,https://commons.wikimedia.org/wiki/Category:Emma_Ciardi
ILLU_14952_62_2,"https://commons.wikimedia.org/wiki/File:Georges_Kars,_Zamy%C5%A1len%C3%BD_akt,_1920.jpg"
ILLU_14957_195_5,https://commons.wikimedia.org/wiki/File:Egger-Lienz_-_%E2%80%9EDie_Familie%E2%80%9C_oder_%E2%80%9EDer_Bauer%E2%80%9C.jpeg
ILLU_14957_197_0,https://commons.wikimedia.org/wiki/File:Children_Playing_in_a_Meadow.PNG
ILLU_14980_251_0,"https://commons.wikimedia.org/wiki/File:Paul_C%C3%A9zanne_-_%27Un_Clos%27_(%27A_Close%27),_c._1890.JPG"
ILLU_14982_436_0,https://commons.wikimedia.org/wiki/File:Bernardo_Cavallino_-_The_Ecstasy_of_St_Cecilia_-_WGA4597.jpg
ILLU_14987_375_0,http://www.artnet.fr/artistes/oskar-kokoschka/portr%C3%A4t-adolf-loos-19-others-20-works-EEBDp5yDiqSSJFjNa0Xupg2
ILLU_14988_74_0,http://www.artnet.fr/artists/conrad-felixm%C3%BCller/
ILLU_14988_74_0,http://www.artnet.fr/artists/conrad-felixm%C3%BCller/2
ILLU_14988_74_0,http://www.artnet.fr/artistes/conrad-felixm%C3%BCller/bildnis-max-liebermann-6n9wMlVwrZAAlsFTv3Ir_g2
ILLU_14988_74_0,http://www.artnet.fr/artists/conrad-felixm%C3%BCller/5
ILLU_14990_87_1,http://www.artnet.fr/artists/max-ernst/3
ILLU_14990_87_1,http://www.artnet.fr/artists/max-ernst/2
ILLU_14990_87_1,http://www.artnet.fr/artists/max-ernst/4
ILLU_14992_269_2,http://www.artnet.fr/artists/lucia-moholy/3
ILLU_14993_130_1,http://www.artnet.fr/artistes/walter-gropius/meisterhaus-gropius-bauhaus-dessau-NAMZk5XpmqF4ojx0l-PIow2
ILLU_14993_130_2,http://www.artnet.fr/artists/lucia-moholy/3
ILLU_14993_130_3,http://www.artnet.fr/artists/lucia-moholy/3
ILLU_14993_132_2,http://www.artnet.fr/artists/lucia-moholy/3
ILLU_15024_23_0,https://commons.wikimedia.org/wiki/File:L%27%C3%A9vacuation_des_oeuvres_du_Palais_des_Beaux-Arts_de_Lille_%C3%A0_Bruxelles_pendant_la_guerre_1914-1918.jpg
ILLU_15024_23_0,https://commons.wikimedia.org/wiki/File:L%27%C3%A9vacuation_des_oeuvres_du_Palais_des_Beaux-Arts_de_Lille_%C3%A0_Bruxelles_pendant_la_guerre_1914-1918.jpg
ILLU_15028_6_0,"https://commons.wikimedia.org/wiki/Frans_Hals_catalog_raisonn%C3%A9,_1910"
ILLU_15213_538_0,https://commons.wikimedia.org/wiki/File:Max_Liebermann_Altm%C3%A4nnerhaus_in_Amsterdam.jpg
ILLU_15312_21_0,https://commons.wikimedia.org/wiki/Category:Bonifacius_Amerbach_(Hans_Holbein_der_J%C3%BCngere_-_Kunstmuseum_Basel)
ILLU_15312_21_0,https://commons.wikimedia.org/wiki/File:Portrait_of_Bonifacius_Amerbach_by_Hans_Holbein_the_Younger_(1519).jpg
ILLU_15316_482_0,https://commons.wikimedia.org/wiki/File:Hans_Holbein_-_The_Dance_of_Death-_The_Cardinal;_The_Empress_-_1922.500_-_Cleveland_Museum_of_Art.jpg
ILLU_15334_327_0,https://commons.wikimedia.org/wiki/File:Hans_von_Mar%C3%A9es_007.jpg
ILLU_15639_134_0,https://commons.wikimedia.org/wiki/Category:Paul_Cassirer
ILLU_15639_134_0,https://commons.wikimedia.org/wiki/Category:Paul_Cassirer?uselang=ja
ILLU_15639_142_0,https://commons.wikimedia.org/wiki/File:The_Kiss_of_the_Sphinx.jpg
ILLU_15678_33_0,https://commons.wikimedia.org/wiki/File:Lucas_Cranach_the_Elder_-_Virgin_and_Child_-_Google_Art_Project.jpg
ILLU_15680_69_0,https://commons.wikimedia.org/wiki/File:Balthasar_Denner_-_Alte_Frau_-_GG_675_-_Kunsthistorisches_Museum.jpg
ILLU_15684_247_0,https://commons.wikimedia.org/wiki/Category:Auguste_Oleffe
ILLU_15684_247_0,https://commons.wikimedia.org/wiki/Category:Museum_of_Ixelles
ILLU_15684_247_0,https://commons.wikimedia.org/wiki/Category:Auguste_Oleffe?uselang=nl
ILLU_15687_37_0,https://www.musee-orsay.fr/fr/oeuvres/branche-de-pommier-en-fleurs-8044
ILLU_15689_82_0,https://commons.wikimedia.org/wiki/File:Scheideblick_vom_Gotthard_nach_Italien@Drawing_by_Goethe.jpg
ILLU_15689_85_0,https://commons.wikimedia.org/wiki/File:Goethe_DampfendeT%C3%A4ler_bei_Ilmenau.jpeg
ILLU_15696_274_2,https://commons.wikimedia.org/wiki/File:Hans_Maler_-_Disputatio_zwischen_Propheten_und_Heiligen_-_45_b_-_Staatliche_Kunsthalle_Karlsruhe.jpg
ILLU_15696_275_0,"https://commons.wikimedia.org/wiki/File:Michael_Pacher_-_Kirchenv%C3%A4teraltar,_Hl._Augustinus_-_2597_-_Bavarian_State_Painting_Collections.jpg"
ILLU_15715_157_1,https://commons.wikimedia.org/wiki/File:Franz-seraph-von-lenbach-emma-berndl-als-iphigenie.jpg
ILLU_15795_137_0,"https://commons.wikimedia.org/wiki/File:Max_Liebermann,_Altm%C3%A4nnerhaus_in_Amsterdam,_1881,_MGS-20160312-001.jpg"
ILLU_15893_198_0,https://commons.wikimedia.org/wiki/Fritz_Erler_(painter)
ILLU_15893_198_0,https://commons.wikimedia.org/wiki/Category:Fritz_Erler_(painter)
ILLU_15893_201_0,http://www.artnet.fr/artistes/leo-putz/the-picnic-M64iGGURs-k0O9CVlLSkBA2
ILLU_15893_201_0,https://commons.wikimedia.org/wiki/File:Leo_Putz_-_Picknick_-_8333_-_Bavarian_State_Painting_Collections.jpg
ILLU_15949_78_1,http://www.artnet.fr/artistes/man-ray/%C3%A9levage-de-poussi%C3%A8re-grand-verre-de-marcel-vziLDxm5pfnfiOWds98fXQ2
ILLU_15949_78_1,http://www.artnet.fr/artists/man-ray/21
ILLU_16013_377_0,http://www.artnet.fr/artistes/camille-bombois/
ILLU_16013_377_1,http://www.artnet.fr/artistes/camille-bombois/
ILLU_16025_54_0,https://commons.wikimedia.org/wiki/File:Beatrice_Addressing_Dante_(by_William_Blake).jpg
ILLU_16297_127_1,"https://commons.wikimedia.org/wiki/File:Kandinsky_-_Akhtyrka,_Park,_vers_1901_-_1903.jpg"
ILLU_16299_337_4,http://www.artnet.fr/artistes/fernand-l%C3%A9ger/le-mannequin-au-damier-gey9-x9k0QnfhBWR5yUhBA2
ILLU_16299_337_4,http://www.artnet.fr/artists/fernand-l%C3%A9ger/11
ILLU_16299_337_4,http://www.artnet.fr/artists/fernand-l%C3%A9ger/10
ILLU_16299_337_4,http://www.artnet.fr/artists/fernand-l%C3%A9ger/9
ILLU_16301_167_0,http://www.artnet.fr/artistes/theodor-werner/3
ILLU_16301_167_0,http://www.artnet.fr/artists/theodor-werner/2
ILLU_16301_167_1,http://www.artnet.fr/artistes/theodor-werner/3
ILLU_16301_167_1,http://www.artnet.fr/artists/theodor-werner/2
