journal_id;level;keyword;;;;
9281;1.1 ;Geographie;;;;
9282;1.1.1 ;Herkunftsländer der Künstler;;;;
;1.1.1.1 ;Herkunftsland – Schweiz;;;;
;1.1.1.2 ;Herkunftsland : Deutschland;;;;
;1.1.1.3 ;Herkunftsland : Österreich;;;;
;1.1.1.4 ;Herkunftsland : Russland;;;;
9372;1.1.2 ;Topographie;;;;
;1.1.2.1 ;Belgien;;;;
;1.1.2.1.1 ;Antwerpen;;;;
;1.12.1.2 ;Bruges;;;;
;1.1.2.1.3 ;Brussel;;;;
;1.1.2.1.4 ;Lkau;;;;
;1.1.2.1.5 ;Narnur;;;;
;1.1.2.1.6 ;Ypres;;;;
9124;1.1.2.2 ;Deutschland;;;;
;1.1.2.2.1 ;Aachen;;;;
;1.1.2.2.2 ;Augsburg;;;;
;1.1.2.2.3 ;Baden-Baden;;;;
;1.1.2.2.4 ;Bamberg;;;;
;1.1.22.5 ;Barmen;;;;
;1.1.2.2.6 ;Bayreuth;;;;
9014;1.1.2.2.7 ;Berlin;;;;
;1.1.2.2.8 ;Bielefeld;;;;
;1.1.2.2.9 ;Braunschweig;;;;
;1.1.2.2.10 ;Bremen;;;;
;1.1.2.2.11 ;Breslau;;;;
;1.1.2.2.12 ;Darmstadt;;;;
;1.1.2 2.13 ;Dessau;;;;
;1.1.2.2 14 ;Dresden;;;;
;1.1.2 2.15 ;Dusseldorf;;;;
;1.1 2 2 16 ;Elbafeld;;;;
;1.1.2 2 17 ;Frankfurt am Main;;;;
;1.1.2.2.18 ;Giessen;;;;
;1.1.2.2.19 ;Hagen;;;;
;1.1.2.2.20 ;Hamburg;;;;
;1.1.2.2.21 ;Ilanovcr;;;;
;1.1.2.2.22 ;Hellereu;;;;
;1.1.2.2 23 ;Icne;;;;
;1.1.2.2.24 ;Karlsruhe;;;;
;1.1.2.2.25 ;Kassel;;;;
;1.1.2.2.26 ;Koln;;;;
;1.1.2.2.27 ;Krefeld;;;;
;1.2.2.28 ;Lausscl;;;;
;1.1.2.2.29 ;Leipzig;;;;
;1.1.2.2.30 ;Lübeck;;;;
;1.1.2.2.31 ;Mannheim;;;;
;1.1.2.2.32 ;Meissen;;;;
;1.1.2.2.33 ;Mühldorf am Inn;;;;
;1.1.2.2.34 ;München ;;;;
;1.1.2.2.35 ;Nürnberg;;;;
;1.1.2.2.36 ;Oldenburg;;;;
;1.1.2.2.37 ;Stuttgart;;;;
;1.1.2.2.38 ;Trier;;;;
;1.1.2.2.39 ;Wartburg;;;;
;1.2.2.40 ;Weimar;;;;
;1.1.2.2.41 ;Weissenhof;;;;
;1.1.2.2.42 ;Wiesbaden;;;;
;1.1.2.2.43 ;Würzburg;;;;
;1.1.2.3 ;Lateinamerika;;;;
;1.1.2.4 ;Elsaß-Lothringen;;;;
;1.1.2.4.1 ;Strasbourg;;;;
;1.1.2.4.2 ;Colmar;;;;
;1.1.2.5 ;England;;;;
;1.1.2.5.1 ;London;;;;
9636;1.1.2.6 ;Frankreich;;;;
;1.1.2.6.1 ;Abbcville;;;;
;1.1.2.6.2 ;Amicns;;;;
;1.1.2.6.3 ;Artas;;;;
;1.1.2.6.4 ;Avcsnes;;;;
;1.1.2.6.5 ;Beauvais;;;;
;1.1.2.6.6 ;Blois;;;;
;1.1.2.6.7 ;Bordeaux;;;;
;1.1.2.6.8 ;Calais;;;;
;1.1.2.6.9 ;Cambrai;;;;
;1.1.2.6.10 ;Charleroi;;;;
;1.1.2.6.11 ;Chateaudun;;;;
;1.1.2.6.12 ;Colmar;;;;
;1.1.2.6.13 ;Compiegne;;;;
;1.1.2.6.14 ;Duon;;;;
;1.1.2.6.15 ;Dinant;;;;
;1.12.6.16 ;Douai;;;;
;1.1.2.6.17 ;Dunkerquc;;;;
;1.1.2.6.18 ;Femen;;;;
;1.1.2.6.19 ;La Fere;;;;
;1.1.2.6.20 ;Fontainebleau;;;;
;1.1.2.6.21 ;Laon;;;;
;1.1.2.6.22 ;Lille;;;;
;1.1.2.6.23 ;Louvain;;;;
;1.1.2.6.24 ;Maubeuge;;;;
;1.1.2.6.25 ;Hirnes;;;;
;1.1.2.6.26 ;Nancy;;;;
;1.1.2.6.27 ;Noyon;;;;
9280;1.1.2.6.28 ;Paris;;;;
;1.1.2.6.29 ;Pcronnc;;;;
;1.1.2.6.30 ;Reims;;;;
;1.1.2.6.31 ;Roubaix;;;;
;1.1.2.6.32 ;Saint-Quentin;;;;
;1.1.2.6.33 ;Soissons;;;;
;1.1.2.6.34 ;Tourcoing;;;;
;1.1.2.6.35 ;Troges;;;;
;1.1.2.6.36 ;Valeriaennes;;;;
;1.1.2.6.37 ;Verdun;;;;
;1.1.2.7 ;Holland;;;;
;1.1.2.8 ;Italien;;;;
;1.1.2.8.1 ;Firenze;;;;
;1.1.2.8.2 ;Rome;;;;
;1.1.2.8.3 ;Turin;;;;
;1.1.2.8.4 ;Venedig;;;;
;1.1.2.9 ;Luxembourg;;;;
;1.1.2.10 ;Österreich;;;;
;1.1.2.10.1 ;Wien;;;;
;1.1.2.11 ;Russland;;;;
;1.1.2.11.1 ;Sankt-Pctcrburg;;;;
;1.1.2.12 ;Schweiz;;;;
;1.1.2.12.1 ;Basel;;;;
;1.1.2.12.2 ;Genf;;;;
;1.1.2.12.3 ;Luzern;;;;
;1.1.2.12.4 ;Zürich;;;;
;1.1.2.13 ;Pologne;;;;
;1.1.2.14 ;Spanien;;;;
;1.1.2.14.1 ;Barcelona;;;;
;1.1.2.15 ;Tschechoslowakei;;;;
;1.1.2.15.1 ;Prag;;;;
;1.1.2.16 ;Ungarn;;;;
;1.1.2.16.1 ;Budapest;;;;
9669;1.2 ;Historischer Kontext;;;;
9670;1.2.1;Ereignisse;;;;
;1.2.1.1 ;Dreissigjähriger Krieg;;;;
;1.2.1.2 ;Reformation;;;;
;1.2.1.3 ;Französische Revolution;;;;
;1.2.1.4 ;Napoleonische Epoche;;;;
;1.2.1.5 ;1848 Revolution;;;;
;1.2.1.6 ;Deutsch-Französischer Krieg (1870-1871);;;;
;1.2.1.7 ;Guerre 1877;;;;
;1.2.1.8 I;I Reich (1871-1918);;;;
;1.2.1.8.1 ;Deutsche Nationale Einheit;;;;
;1.2.1.8.2 ;Kunstpolitik des Kaisers;;;;
;1.2.1.9 ;Erster Weltkrieg (1914-1918);;;;
;1.2.1.10 ;Die Zeit zwischen den beiden Weltkriegen;;;;
;1.2.1.11 ;Weimarer Republik (1918.1933);;;;
;1.2.1.12 ;Drittes Reich (1933-1945);;;;
;1.2.1.12.1 ;Kunstpolitik des National Sozialismus;;;;
;1.2.1.13 ;Zweiter Weltkrieg (1939-1945);;;;
;1.2.1.14 ;Rückgabe nationalen Kulturguts;;;;
;1.2.1.15 ;Zerstörung während des Krieges;;;;
;1.2.2 ;Religiöse Zugehörigkeit;;;;
;1.2.2.1 ;Protestantismus;;;;
;1.2.2.2 ;Judentum;;;;
;1.2.3 ;Politisches Verhalten;;;;
;1.2.3.1 ;Furopaische Vorstellung ;;;;
;1.2.3.2 ;Pangermanismus;;;;
;1.2.3.3 ;Revanchismus;;;;
;1.2.3.4 ;Regionalismus;;;;
9773;1.3 ;Kunstgeschichte;;;;
11382;1.3.1 ;Künstlergruppen. Suomungen ;;;;
;1.3.1.1 ;Deutsche Schule allgemein;;;;
;1.3.1.2 ;Schweizer Schule allgemein;;;;
;1.3.1.3 ;Altertum;;;;
;1.3.1.4 ;Alte Kunst;;;;
;1.3.1.4.1 ;Regionale Schule;;;;
;1.3.1.4.1.1 ;Bomische Schule;;;;
;1.3.1.4.1.2 ;Schweizerische Schule;;;;
;1.3.1.4.1.3 ;Schwäbische Schule;;;;
;1.3.1.4.1.4 ;Rheinische Schule;;;;
;1.3.1.4.1.4.1 ;Kölner Schule;;;;
;1.3.1.4.1.5 ;Burgundische Schule;;;;
;1.3.1.4.1.6 ;Flamische Schule;;;;
;1.3.1.4.1.7 ;Ecole bavaroisc;;;;
;1.3.1.4.1.8 ;Ecole hanseatique;;;;
;1.3.1.4.1.9 ;Note tyrolienne;;;;
;1.3.1.4.1.10 ;Ecole franc.onienne;;;;
;1.3.1.5 ;Ecole de Fontainebleau 1;;;;
;1.3.1.6 ;Barock/Rokoko;;;;
;1.3.1.7 ;Nazarener;;;;
;1.3.1.8 ;Academisme;;;;
;1.3.1.9 ;Idealistes;;;;
;1.3.1.10 ;Preraphaelites;;;;
;1.3.1.11 ;Romantik;;;;
;1.3.1.12 ;Biedermeier;;;;
;1.3.1.13 ;Orientalismus;;;;
;1.3.1.14 ;Berliner Schule;;;;
;1.3.1.15 ;Düsseldorfer Schule;;;;
;1.3.1.16 ;Münchner Schule;;;;
;1.3.1.17 ;Karlsruher Schule;;;;
;1.3.1.18 ;Schule des T}TOIS;;;;
;1.3.1.19 ;Realismus/Naturalismus;;;;
;1.3.1.20 ;Ecole du plcin-air;;;;
;1.3.1.21 ;Ecole de Barbizon;;;;
;1.3.1.22 ;Leibl-Kreis;;;;
;1.3.1.23 ;Deutscher Künstlerbund;;;;
;1.3.1.24 ;Allgemeine deutsche Künstlervereinigung;;;;
;1.3.1.25 ;Impressionismus;;;;
;1.3.1.26 ;Neoimpressionismus;;;;
;1.3.1.27 ;Pointillismc;;;;
;1.3.1.28 ;Japonisme;;;;
;1.3.1.29 ;Glasgower Schule;;;;
;1.3.1.30 ;Gruppe der X1;;;;
;1.3.1.31 ;Deutsche Sczession;;;;
;1.3.1.31.1 ;Münchner Sezession (1892);;;;
;1.3.1.31.2 ;Wiener Sezession (1897);;;;
;1.3.1.31.3 ;Berliner Sezession (1898);;;;
;1.3.1.31.4 ;Berliner Neue Sezession (1910);;;;
;1.3.1.31.5 ;Münchner Neue Sezession (1914);;;;
;1.3.1.31.6 ;Darrnstädter Sezession;;;;
;1.3.1.31.7 ;Luitpoldgruppe;;;;
;1.3.1.32 ;"München : Societe 'Ateliers reunis pour ran dans le menet""";;;;
;1.3.1.33 ;München : Theäuc des Artistes;;;;
;1.3.1.34 ;Symbolismus;;;;
;1.3.1.35 ;Jugendstil;;;;
;1.3.1.36 ;An nouveau;;;;
;1.3.1.37 ;Scholle;;;;
;1.3.1.38 ;Kunstschau Wien;;;;
;1.3.1.39 ;Worpswede;;;;
;1.3.1.40 ;Künstlerkolonie Darmstadt;;;;
;1.3.1.41 ;Fauvismus;;;;
;1.3.1.42 ;Kubismus;;;;
;1.3.1.43 ;Primitive Kunst;;;;
;1.3.1.44 ;Künstler des caft du Döme;;;;
;1.3.1.45 ;Dachauer Malerschule;;;;
9105;1.3.1.46 ;Expressionismus;;;;
;1.3.1.47 ;Die Brücke (1905);;;;
;1.3.1.48 ;Deutsche Werkbund (1907-1934);;;;
;1.3.1.49 ;Abstraktion ;;;;
;1.3.1.50 ;Blauer Reiter (1911);;;;
;1.3.1.51 ;Dada;;;;
;1.3.1.52 ;Neoplasticism;;;;
;1.3.1.53 ;Futurismus;;;;
;1.3.1.54 ;Konstniktivismus;;;;
;1.3.1.55 ;Bauhaus;;;;
;1.3.1.56 ;Surrealismus;;;;
;1.3.1.57 ;Neue Sachlichkeit;;;;
;1.3.1.58 ;N6o-Realismus;;;;
;1.3.1.59 ;Ecolc dc Paris;;;;
9374;1.3.2 ;Künstlerische Techniken;;;;
15809;1.3.2.1 ;Malerei;;;;
9746;1.3.2.2 ;Peinture derotalive;;;;
11284;1.3.2.3 ;Zeichnung/ Aquarelle;;;;
9276;1.3.2.4 ;Druckgraphik;;;;
11277;1.3.2.4 ;Druckgraphik;;;;
16411;1.3.2.5 ;Karikatur;;;;
11577;1.3.2.6 ;Skulptur;;;;
11389;1.3.2.7 ;Architektur;;;;
11278;1.3.2.8 ;Kunstgewerbe;;;;
;1.3.2.9 ;Manuscrits/Miniatures/livres illustres;;;;
;1.3.2.10 ;Mode/Kostüm;;;;
;1.3.2.11 ;Ethnographie;;;;
;1.3.2.12 ;Fotografie;;;;
;1.3.2.13 ;Film;;;;
;1.3.2.14 ;Musik;;;;
;1.3.2.15 ;Literatur;;;;
;1.3.2.16 ;Theater;;;;
;1.3.2.17 ;Herausgabe;;;;
9659;1.3.3 ;Gattungen;;;;
;1.3.3.1 ;Historische Themen;;;;
;1.3.3.2 ;Mythologische : Allegorische Themen;;;;
;1.3.3.3 ;Religiose Themen;;;;
;1.3.3.4 ;Landschaftsmalerei;;;;
;1.3.3.5 ;Portrait;;;;
;1.3.3.6 ;Crememalad;;;;
;1.3.3.7 ;Stilleben;;;;
;1.3.3.8 ;Akt;;;;
;1.3.3.9 ;Tier;;;;
;1.3.3.10 ;Militär;;;;
9443;1.3.4 ;Ausstellungen;;;;
;1.3.4.1 ;Weltausstellung;;;;
;1.3.4.1.1 ;Paris : Weltausstellung- 1855;;;;
;1.3.4.1.2 ;London : Weltausstellung- 1862 ;;;;
;1.3.4.1.3 ;Paris : Weltausstellung- 1867 ;;;;
;1.3.4.1.4 ;Wien : Weltausstellung. 1873;;;;
;1.3.4.1.5 ;Paris : Weltausstellung. 1878;;;;
;1.3.4.1.6 ;Amsterdam : Weltausstellung. 1883;;;;
;1.3.4.1.7 ;Paris : Weltausstellung. 1889;;;;
;1.3.4.1.8 ;Paris : Weltausstellung. 1900;;;;
;1.3.4.1.8.1 ;Exposition &ixnute dc la medaille francaise et etrangere;;;;
;1.3.4.1.9 ;Turin : Exposition internationale des ans modernes et decoratifs- 1902;;;;
;1.3.4.1.10 ;Saint-Louis . Weltausstellung- 1904;;;;
;1.3.4.1.11 ;Milan : Weltausstellung. 1906;;;;
;1.3.4.1.12 ;Hflixenes : Exposition universelle et internationale- 1910;;;;
;1.3.4.1.13 ;Dresden : Exposition internationale des ans. 1926;;;;
;1.3.4.1.14 ;Barcelona : Weltausstellung. 1929;;;;
;1.3.4.1.15 ;Paris : Weltausstellung- 1937;;;;
9655;1.3.4.2 ;Salons und Vereinsausstellungen;;;;
9737;1.3.4.2.1 ;In Frankreich;;;;
;1.3.4.2 1.1 ;Exposition Winterhalter. 1928;;;;
;1.3.4.2.1.2 ;Pavillon de la Villc de Paris Menzel Ausstellung. 1885;;;;
;1.3.4.2.1.3 ;Pavillon dc la Villc dc Paris : Exposition internationale dc Blanc et Noir ;;;;
;1.3.4.2.1.4 ;Paris : Ecole des Beaux-ans;;;;
;1.3.4.2.1.4.1 ;Exposition dc dcssins de maitres. 1878;;;;
;1.3.4.2.1.4.2 ;Exposition Henri Lehmann. 1883;;;;
;1.3.4.2.1.5 ;Paris : Exposition internationale de Blanc et noir;;;;
;1.3.4.2.1.6 ;Paris Societe internationale detail (ab 1878);;;;
;1.3.4.2.1.7 ;Paris Seefett des anistes vivants;;;;
9270;1.3.4.2.1.8 ;Paris: Societt des anistes francais (ab 1881);;;;
;1.3.4.2.1.9 ;Paris : Societe des artistes indepcndants (ab 1884);;;;
;1.3.4.2.1.10 ;Paris : Salon dc l'Union liberale (ab 1884);;;;
;1.3.4.2.1.11 ;Paris Salon de l'Union internationale;;;;
;1.3.4.2.1.12 ;Paris Societe des aquarellistcs;;;;
;13.4.2.1.13 ;Pans : Societe des Pastellistes;;;;
;1.3.4.2.1.14 ;Paris Societe nationale des beaux-ans (ab 1890);;;;
;1.3.4.2.1.15 ;Paris : Salon dc la Rose+Croix (1892-1897);;;;
;1.3.4.2.1.16 ;Paris : Socke des artistes decorateurs (ab 1901);;;;
;1.3.4.2.1.17 ;Paris : Seeiete du Salon d'automne (ab 1903);;;;
;1.3.4.2.1.17.1 ;Paris Salon d'automne. 1909;;;;
;1.3.4.2.1.17.2 ;Paris : Salon d'automne. 1910;;;;
;1.3.4.2.1.17.3 ;Paris : Salon d'automne- 1927;;;;
;1.3.4.2.1.18 ;Paris : Salon des humonstes (1907- );;;;
;1.3.4.2.1.19 ;Paris : Salon des Serindependants;;;;
;1.3.4.2.1.20 ;Paris : Union centrale des ans decoratifs;;;;
;1.3.4.2.1.21 ;Paris : Preiet d'exposition internationale d'art decoratif (1921-1924) ;;;;
;1.3.4.2.1.22 ;Paris : Exposition internationale d'art decoratif- 1925;;;;
;1.3.4.2.1.23 ;Paris : Salon de l'Araignee- 1927;;;;
;1.3.4.2.1.24 ;Paris : Salon des Deeerateurs- 1930;;;;
;1.3.4.2.1.25 ;Paris : XVIlle Salon des anistes decorateurs- 1928;;;;
9656;1.3.4.2.2 ;In Deutschland;;;;
;1.3.4.2.2.1 ;Augsburg: Kunstverein : Exposition San morave- 1909;;;;
;1.3.4.2.2.2 ;Baden-Baden : Exposition retrospective- 1902;;;;
;1.3.4.2.2.3 ;Baden-Baden : Exposition d'oeuvres modernes. 1902;;;;
;1.3.4.2.2.4 ;Berlin Exposition d'objcts d'an du Moyen Age et dc la Renaissance. 1898 ;;;;
;1.3.4.2.2.5 ;Berlin : Akademische Kunstausstellung (Künstlerhaus);;;;
;1.3.4.2.2.6 ;Berlin : Verein Berliner Künstler;;;;
;1.3.4.2.2.7 ;Berlin : Salon;;;;
;1.3.4.2.2.8 ;Berlin : Secession (ab 1899);;;;
;1.3.4.2.2 8.1 ;Retrospective Liebermann (60 ans de l'anistc);;;;
;1.3.4.2.2.8.2 ;"Exposition de ""blanc et noir""- 1912";;;;
;1.3.4.2.2.9 ;Berlin : Neue Secession;;;;
;1.3.4.2.2.10 ;Berlin Internationale Kunstausstellung. 1891;;;;
;1.3.4.2.2.11 ;Berlin : Internationale Kunstausstellung. 1896;;;;
;1.3.4.2.2.12 ;Berlin : Academie royale des beaux-arts;;;;
;1.3.4.2.2.12.1 ;1910: Exposition des anistes francais du XVllle siede;;;;
;1.3.4.2.2.13 ;Berlin : Jahrhundertausstellung dt. Kunst- 1906;;;;
;1.3.4.2.2.14 ;Breslau : Werkbund Ausstellung- 1929;;;;
;1.3.4.2.2.15 ;Breslau : Exposition du ccntenaire- 1913-1914;;;;
;1.3.4.2.2.16 ;Darmstadt : Ausstellung der Künstlerkolonie;;;;
;1.3.4.2.2.17 ;Darmstadt : Exposition d'art libre et applique- 1908;;;;
;1.3.4.2.2 18 ;Darmstadt : Ausstellung der Darrnstadter Sezession- 1920;;;;
;1.3.4.2.2.19 ;Dresden : Kunstverein;;;;
;1.3.4.2.2.20 ;Dresden : Exposition- 1904;;;;
;1.3.4.2.2.21 ;Düsseldorf : Für Westfalen und Rheinland. 1902;;;;
;1.3.4.2.2.22 ;Düsseldorf : Exposition des Beaux-Arts. 1902;;;;
;1.3.4.2.2.23 ;Düsseldorf: Exposition des Primitifs allcrnands- 1904;;;;
;1.3.4.2.2.24 ;Düsseldorf Exposition internationale- 1904;;;;
;1.3.4.2.2.25 ;Düsseldorf Exposition d'an chrttien- 1909;;;;
;1.3.4.2.2.26 ;Düsseldorf : Das jungt Rheinland- 1922;;;;
;1.3.4.2.2.27 ;Düsseldorf : Exposition internationale- 1922;;;;
;1.3.4.2.2.28 ;Frankfort am Main Kunstverein : La pcinture classique de France au XIXe siecle dc Dclacroix ä van Gogh- 1912;;;;
;1.3.4.2.2.29 ;Frankfurt am Main : Kunstverein : Hodler. 1911-1912;;;;
;1.3.4.2.2.30 ;Hambourg : exposition des peintres du Schleswig-Holstein. 1914;;;;
;1.3.4.2.2.31 ;Karlsruhe : Exposition des beaux-ans- 1902;;;;
;1.3.4.2.2.32 ;Köln : Kunstausstellung. 1907-1908;;;;
;1.3.4.2.2.33 ;Koln : Kunstverein;;;;
;1.3.4.2.2.34 ;Köln : Sonderbund Ausstellung- 1912;;;;
;1.3.4.2.2.35 ;Köln : Werkbund Ausstellung. 1914;;;;
;1.3.4.2.2.36 ;Köln : Feire- 1924;;;;
;1.3.4.2.2.37 ;Köln : Exposition internationale dc decoration- 1932;;;;
;1.3.4.2.2.38 ;Leipzig : Kunstverein : Exposition Klinger- 1907;;;;
;1.3.4.2.2.39 ;Mühdorf am Inn : Exposition «an mute 1912;;;;
;1.3.4.2.2.40 ;Mannheim Ausstellung;;;;
;1.3.4.2.2.41 ;München' Internationale Kunstausstellung;;;;
;1.3.4.2.2.41.1 ;München : Internationale Kunstausstellung- 1863;;;;
;1.3.4.2.2.41.2 ;München : Internationale Kunstausstellung- 1869;;;;
;1.3.4.2 2.41 3 ;München : Internationale Kunstausstellung. 1879;;;;
;1.3.4.2.2.41.4 ;München : Internationale Kunstausstellung- 1883;;;;
;1.3.4.2.2 41.5 ;München : Internationale Kunstausstellung- 1893;;;;
;1.3.4.2.2.42 ;München : Exposition des beaux-ans (Glast Palast);;;;
;1.3.4.2.2.42.1 ;Exposition des beaux-ans et dc !Industrie. 1877;;;;
;1.3.4.2.2.43 ;München : Lenbach Ausstellung- 1905;;;;
;1.3.4.2.2.44 ;München : Gewerbeschau- 1912;;;;
;1.3.4.2.2.45 ;München Ausstellung der angewandten Künsten- 1922;;;;
;1.3.4.2.2.46 ;München : Künstlerhaus;;;;
;1.3.4.2.2.47 ;München : Kunstverein;;;;
;1.3.4.2.2.47.1 ;Exposition Anna May- 1908;;;;
;1.3.4.2.2.47.2 ;Exposition d'art messe. 1909;;;;
;1.3.4.2.2.48 ;München : Sezession Ausstellung (ab 1893);;;;
;1.3.4.2.2.48.1 ;Exposition Hans von Maries. 1909;;;;
;1.3.4.2.2.48.2; Exposition centennalc du dessin- 1914;;;;
;1.3.4.2.2.49 ;München : Neue Sezession Ausstellung;;;;
;1.3.4.2.2.50 ;Oldenburg : Kunstausstellung- 1905;;;;
;1.3.4.2.2.51 ;Schleisshcim : Exposition Maries- 1909;;;;
;1.3.4.2.2.52 ;Stuttgart : Werkbundausstellung- 1927;;;;
;1.3.4.2.2.53 ;Stuttgart : Exposition- 1927;;;;
;1.3.4.2.2.54 ;Stuttgart : Exposition Gustave Schoenleber- 1912;;;;
;1.3.4.2.2.55 ;Stuttgart : Deutscher Künslterbund Ausstellung;;;;
;1.3.4.2.2.56 ;Wiesbaden : Societe des Beaux-Ans Exposition d'an suissc- 1913;;;;
;1.3.4.2.2.57 ;Wiesbaden : exposition d'an francais. 1921;;;;
;1.3.4.2.2.58 ;Wiesbaden : exposition du cercic dc Leibl- 1911-1912;;;;
;1.3.4.2.3 ;In Osterreich;;;;
;1.3.4.2.3.1 ;Wien : Internationale Kunstausstellungen;;;;
;1.3.4.2.3.2 ;Wien : Internationale Kunstausstellung- 1873;;;;
;1.3.4.2.3.3 ;Wien : Internationale Kunstausstellung. 1882;;;;
;1.3.4.2.3.4 ;Wien : Druckausstellung. 1883;;;;
;1.3.4.2.3.5 ;Wien : Künstlerhaus;;;;
;1.3.4.2.3.6 ;Wien : Exposition Alenze'. 1896;;;;
;1.3.4.2.3.7 ;Wien Sczession (ab 1898);;;;
;1.3.4.2.3.8 ;Wien: Exposition d'Art francais contemporain- 1925;;;;
;1.3.4.2.3.9 ;Wien : Ausstellung. 1930;;;;
;1.3.4.2.4 ;In Belgien;;;;
;1.3.4.2.4.1 ;Bamelies • Salon;;;;
;1.3.4.24.1.1 ;Brutielles : Exposition internationale L'Art Vivant- 1931;;;;
;1.3.4.2.5 I;n England;;;;
;1.3.4.2.5.1 ;London • Internationale Ausstellung. 1871;;;;
;1.3.4.2.6 ;In Italien;;;;
;1.3.4.2.6.1 ;Rome : Salon des independants;;;;
;1.3.4.2.6.2 ;Turin : Exposition d'art decoratif. 1902;;;;
;1.3.4.2.6.3 ;Venedig : Biennale;;;;
;1.3.4.2.6.4 ;Venedig : Internationale Kunstausstellung;;;;
;1.3.4.2.7 ;In der Schweiz;;;;
;1.3.4.2.7.1 ;Basel : Exposition 60eklin;;;;
;1.3.4.2.7.2 ;Genf : Exposition internationale- 1921;;;;
;1.3.4.2.7.3 ;Zürich : Exposition Modle'- 1917;;;;
;1.3.4.2.7.4 ;Zürich : Exposition internationale- 1925;;;;
;1.34.2.7.5 ;Zürich : Salon Wolfensberg. 1925;;;;
;1.3.4.2.8 ;In Lateinamerika;;;;
;1.3.4.2.8.1 ;Buesnos-Aires : Exposition d'art allenland. 1921;;;;
9375;1 3.4.3 ;Galerien;;;;
9376;1.3.4.3.1 ;Französische Galerien;;;;
;1.3.4.3.1.1 ;Galerie 23;;;;
;1.34.3.1.1.1 ;1931- Kurt I iinr ichsen Ausstellung;;;;
;1.3.4.3.1.2 ;Galerie d'art contemporain;;;;
;1.3.4.3.1.2.1 ;1927- W. Baumeister;;;;
;1.3.4.3.1.3 ;Galerie d'art surrealistc;;;;
;1.3.4.3.1.3.1 ;1927- Exposition surrealiste;;;;
;1.3.4.3.1.4 ;Galerie Bernheim Jeune;;;;
;1.3.4.3.1.4.1 ;1903- Exposition Borchardt;;;;
;1.3.4.3.1.5 ;Galerie Billie';;;;
;1.3.4.3.1.5.1 ;1924- Exposition George Grosz;;;;
;1.3.4.3.1.5.2 ;1926. Quatrc expressionnistes allemands;;;;
;1.3.4.3.1.6 ;Galerie Ring;;;;
;1.3.4.3.1.6.1 ;1895- Exposition I: An nouveau;;;;
;1.3.4.3.1.6.2 ;1896- Exposition L'Art nouveau;;;;
;1.3.4.3.14.3 ;1902- Exposition Borchardt;;;;
;1.3.4.3.1.6.4 ;1925- Exposition Adolf Dietrich;;;;
;1.3.4.3.1.6.5 ;1926- Exposition Helmuth Kolle;;;;
;1.3.4.3.1.7 ;Galerie Bonjcan & Dior;;;;
;1.3.4.3.1.7.1 ;1931- Exposition Carnpendonck- Dix- Ernst- Klee- Kokoschka- Urach- Schrecker;;;;
;1.3.4.3.1.8 ;Galerie des Cahiers d'art;;;;
;1.3.4.3.1.8.1 ;1934- Max Ernst;;;;
;1.3.4.3.1.8.2 ;1934- Wassily Kandinsky;;;;
;1.3.4.3.1.8.3 ;1934- Photographics et maquettes d'architectes contemporains ;;;;
;1.3.4.3.1.9 ;Galerie Charles Hessele;;;;
;1.3.4.3.1.9.1 ;1902- Exposition dc peintres-graveurs allemands;;;;
;1.3.4.3.1.9.2 ;1902- Exposition d'eaux-foncs originales;;;;
;1.3.4.3.1.9.3 ;1907. Exposition de peintres-graveurs allemands;;;;
;1.3.4.3.1.10 ;Galerie Charpentier;;;;
;1.3.4.3.1.10.1 ;1927. Exposition Ernst Oppler ;;;;
;1.3.4.3.1.11 ;Galerie Devambez;;;;
;1.3.4.3.1.11.1 ;1908- Exposition Felix Borchardt;;;;
;1.3.4.3.1.11.2 ;1909- Exposition dc quelques artistes allemands;;;;
;1.3.4.3.1.11.3 ;1909- Exposition dc pcintres de nus;;;;
;1.3.4.3.1.11.4 ;1909. Exposition dc la Societe des peintres-graveurs francais;;;;
;1.3.4.3.1 11.5 ;1911- Exposition de la Sod& des peintres-graveurs francais;;;;
;1.3.4.3.1.11.6 ;1911- Exposition d'art applique et d'an precieux;;;;
;13.4.3.1.11.7 ;1912. Exposition de la Societe des peintres-graveurs francais;;;;
;1.3.4.3.1.11.8 ;1913- Exposition dc la Societe des peintres-graveurs francais;;;;
;1.3.4.3.1.11.9 ;1923- Exposition de pcintrcs de nus;;;;
;1.3.4.3.1.12 ;Galerie Durand-Rucl;;;;
;1.3.4.3.1.12.1 ;Louise Breslau- Panels cl dessus de pont. ler-15 mars 1910 ;;;;
;1.3.4.3.1.12.2 ;Dietz Edzard- 1928;;;;
;1.3.4.3.1.13 ;Galerie Druet;;;;
;1.3.4.3.1.13.1 ;1927- Exposition Wilhelm Gimmi;;;;
;1.3.4.3.1.13.2 ;1927- Exposition collectivc ;;;;
;1.3.4.3.1.14 ;Galerie Eugene Blot;;;;
;1.3.4.3.1.14.1 1;905- Exposition Beinhard Hoetgcr;;;;
;1.3.4.3.1.15 ;Galerie Flechtheim;;;;
;1.3.4.3.1.15.1 ;1929- exposition Willy Baumeister;;;;
;1.3.4.3.1.16 ;Galerie de France;;;;
;1.3.4.3.1.16.1 ;1930- Exposition Kandinsky;;;;
;1.3.4.3.1.17 ;Galerie Georges Bernheim ;;;;
;1.3.4.3.1.17.1 ;1927. Exposition multinationale;;;;
;1.3.4.3.1.17.2 ;1929- Ausstellung Paul Klee ;;;;
;1.3.4.3.1.17.3 ;1929. Exposition Renee Sintenis;;;;
;1.3.4.3.1.17.4 ;1930- Exposition de sculpicurs allemands;;;;
;1.3.43.1.18 ;Galerie Georges Petit;;;;
;1.3.4.3.1 18 1 ;Societe internationale de peinturc et de sculpturc;;;;
;1.3.4.3.1.18.2 ;1882- Societe internationale de peinture et sculpturc;;;;
;1.3.4.3.1.18.3 ;1883- societe internationale dc peinture et sculpturc;;;;
;1.3.4.3.1.18.4 ;1884- Societe internationale de pcinture et sculpture;;;;
;1.343.1.18.5 ;1885- Societe internationale dc pcinturc ct sculpture;;;;
;1.3.4.3.1.18.6 ;1886. Societe internationale dc peinture et sculpturc;;;;
;1.3.4 3.1.18.7 ;1887- Societe internationale dc peinturc et sculpturc;;;;
;1.3.4.3.1.18.8 ;1889- 2c exposition des Trenn: trois;;;;
;1.3.4 3.1.18.9 ;1899. Societe internationale dc peinture et sculpturc;;;;
;1.3.4.3.1.18.10 ;1900. Societe internationale de peinturc et sculpturc;;;;
;1.3.4.3.1.18.11 ;1901- Societe internationale dc pcinture et sculpturc;;;;
;1.34.3.1.18.12 ;1902- Societe internationale dc pcinturc et sculpturc;;;;
;1.3.4.3.1.18.13 ;1903- Societe internationale dc pcinturc et sculpturc;;;;
;1.3.4.3.1.18.14 ;1903. Exposition de iahkaux aux couleurs solides ä Mulle;;;;
;1.3.0.3.1.18.15 ;1904. Societe internationale de peinture et sculpture;;;;
;1.3.4.3.1.18.16 ;1905. Societe internationale de peinture et sculpture;;;;
;1.3.4.3.1.18.17 ;1906- Societe internationale de peinture et sculpture ;;;;
;1.3.4.3.1.18.18 ;1906- Exposition Arnold Rechberg;;;;
;1.3.4.3.1.18.19 ;1931- Art suisse. peinture et sculpture de 1880 ä 1930 ;;;;
;1.3.4.3.118.20 ;1931- Exposition Oskar Kokoschka;;;;
;1 3 4.3.1.19 ;Galerie Hodebert-Barbazanges ;;;;
;1.3.4.3.1.19.1 ;1928. Exposition Rente Sintenis;;;;
;1.3.4.3.1.19.2 ;1930- Exposition Rente Sintenis;;;;
;1. 3.4.3.1.20 ;Galerie Jeanne Bucher;;;;
;1.3.4.3.1.20.1 ;1927. Exposition Hans Am. Max Ernst- Jean Lureat;;;;
;I 3 4.3.1.21 ;Galerie Levesque & Cic;;;;
;1.3.4.3.1.21.1 ;1914- Exposition Wilhelm Lehmbnick;;;;
;1.3.0.3.1.22 ;Galerie Marcel Bernheim;;;;
;1.3.4.3.1.22.1 ;1913- Exposition 1.3.4.3.1.23 Galerie Max Bine;;;;
;1.3.4.3.1.23.1 ;1927. Exposition de Lagneau ä Constantin Guy;;;;
;1.3.4.3.1 24 ;Galerie de la Neuvene Revue Francaise;;;;
;1.3.4.3.1.24.1 ;1931. Exposition Georg Grosz;;;;
;1.3.4.3.1.25 ;Galerie Pierre;;;;
;1.3.4.3.1.25.1 ;1925- Exposition Helmuth Kolle;;;;
;1.3.4.3.1.25.2 ;1925. Exposition des peintres smrealistes;;;;
;1.3.4.3.1.25.3 ;1925- Exposition Renee Sintenis;;;;
;1.3.4.3.1.26 ;Galerie Povolozky;;;;
;1.3.4.3.1.26.1 ;1929- exposition Herben Bayer;;;;
;1.3.4.3.1.26.2 ;1929- Exposition Vordemberge Gildewart;;;;
;1.3.4.3.1.27 ;Galerie des Quaste Chemins;;;;
;1.3.4.3.1.27.1 ;1927- Exposition Helmuth Kolle;;;;
;1.3.4.3.1.28 ;Galerie de la Renaissance;;;;
;1.3.4.3.1.28.1 ;1931- Exposition Max Beckmann;;;;
;1.3.4.3.1.29 ;Galerie Serrurier;;;;
;1.3.4.3.1.29.1 ;Exposition Albert Trachsel- 1905;;;;
;1.3.4.31.30 ;Galerie Simon;;;;
;1.3.4.3.1.30.1 ;1934- Paul Klee;;;;
;1.3.4.3.1.30.2 1;938. Paul Klee;;;;
;1.3.4.3.1.31 ;Galerie Simonson;;;;
;1.3.4.3.1.31.1 ;1927. Exposition Dürer;;;;
;1.3.4.3.1.32 ;Galerie Vavin Raspail;;;;
;1.3.4.3.1321 ;1925- Exposition Paul Klee ;;;;
;1.3.4.3.1.32.2 ;1927- Exposition Paul Klee;;;;
;1.3.4.3.1.33 ;Galerie V. de Margoulies et I.. Schotte;;;;
;1.3.4.3.1.33.1 ;"1929- exposition ""Six peintres allemands-";;;;
;1.3.4.3.1.34 ;Galerie Vollard;;;;
;1.3.4.3.1.34.1 ;1898. Exposition Alfred Müller;;;;
;1.3.4.3.1.35 ;Galerie Zak;;;;
;1.3.4.3.1.35.1 ;1929- Ausstellung Wassily Kandinsky;;;;
;1.3.4.3.1.36 ;Galerie Zborowski;;;;
;1.3.4.3.1.36.1 ;    1929- Exposition F. Mühsam;;;;
;1.3.4.3.1.37 ;Lt Bare de Bouteville;;;;
;1.3.4.3.1.37.1  ;1896- Franz Melchers;;;;
;1.3.4.3.1.38 ;Librairie de Mn;;;;
;1.3.4.3.1.38.1 ;    1878- Exposition de la Societe internationale de l'ast ;;;;
;1.3.4.31.39 ;Maison moderne;;;;
;1.3.4.3.1.39.1 ;    1905- exposition de la Sociele des artiges independants;;;;
;1.3.4.3.1.40 ;Pavillon de Marsan : Ausstellung der Societe de la gravure originale sur bois- 1929;;;;
9663;1.3.4.3.2 ;Deutsche Galerien;;;;
;1.3.4.3.2.1 ;Berlin : Cassirer Galerie;;;;
;1.3.4.3.2.1.1 ;Exposition van Gogh. 1914;;;;
;1.3.4.3.2.2 ;Berlin : Galerie Gafluh;;;;
;1.3.4.3.2.3 ;Berlin : Galerie Schulte;;;;
;1.3.4.3.2.3.1 ;Exposition des XI- 1897;;;;
;1.3.4.3.2.4 ;Berlin : Galerie Casper;;;;
;1.3.4.3.2.5 ;Berlin : Galerie Nutz;;;;
;1.3.4.3.2.6 ;Berlin : Galerie Amelang;;;;
;1.3.4.3.2.7 ;Berlin : Galerie Amster & Ruthlard;;;;
;1.3.4.3.2.8 ;Berlin : Galerie Keller & Reiner;;;;
;1.3.4-3.2.8.1 ;    Exposition des neo-impressionnistes (prost). 1898 ;;;;
;1.3.4.3.2.8.2 ;"Exposition des 'Dachaue""- 1898";;;;
;1.3.4.3.2.9 ;Berlin : Exposition Utrillo- 1925;;;;
;1.3.4.3.2.10 ;Berlin : Exposition Cezanne- 1922;;;;
;1.3.4.3.2.11 ;Dresden : Galerie Arnold;;;;
;1.3.4.3.2.12 ;Frankfurt : Galerie Schneider;;;;
;1.3.4.3.2.12.1 ;Exposition Fantin-Latour- 1907.1908;;;;
;1.3.4.3.2.13 ;Frankfurt : Galerie Weidenbuch;;;;
;1.3.4.3.2.14 ;Flechtheim Galerien;;;;
;1.3.4.3.2.14.1 ;    Düsseldorf : Hechtheim Galerie;;;;
;1.3.4.3.214.2 ;Berlin : Flechtheim Galerie ;;;;
;1.3.4.3.214.2.1 ;1927. Pablo Picasso ;;;;
;1.3.4.3.2.14.2.2 ;1931. Oskar Schlemmer;;;;
;1.3.4.3.2.15 ;Galerie Gold;;;;
;1.3.4.3.2.16 ;München : Galerie Brackl;;;;
;1.3.4.3.2.17 ;München : Galerie Heinemann;;;;
;1.3.4.3.2.17.1 ;    Groupe du Salon d'automne- 1906;;;;
;1.3.4.3.2.17.2 ;    Exposition Manet- Monet. Courbet- 1907;;;;
;1.3.4.3.2.17.3  ;Exposition de fecolc Julius Diez- 1908;;;;
;1.3.4.3.2.17.4 ;    Exposition Thomas Couture- 1913-1914;;;;
;1.3.4.3.2.17.5 ;    Exposition Hans Thoma- 1914;;;;
;1.3.4.3.2.18 ;München : Galerie Heymes;;;;
;1.3.4.3.2.18.1  ;Exposition Matthaeus Schiesstl- 1914;;;;
;1.3.4.3.2.19 ;München : Galerie Moderne;;;;
;1.3.4.3.2.19.1 ;    Expositions du groupe de la Scholle;;;;
;1.3.4.3.2.20 ;Galerie Hirschen-Lindpaintner;;;;
;1.3.4.3.2.20.1 ;    1928. altdeutsch< Kunstausstellung;;;;
;1.3.4.3.2.21 ;München : Galerie Tannhauser;;;;
;1.3.4.3.2.21.1 ;Collection Pellerin (Manet)- 1909;;;;
;1.3.4.3.2.21.2 ;Exposition Langhammer. 1911-1912;;;;
;1.3.4.3.2.21.3 ;Exposition liodler- 1911-1912;;;;
;1.3.4.3.2.22 ;München : Galerie Walter Zimmermann;;;;
;1.3.4.3.2.22.1 ;Exposition de la collection Ackermann- 1906;;;;
;1.3.4.3.2.22.2 ;Gaemuli- 1907;;;;
;1.3.4.3.2.22.3 ;Steinla'- 1907;;;;
;1.3.4.3.2.22.4 ;Monticelli- 1907;;;;
;1.3.4.3.2.223 ;Gauguin;;;;
;1.3.4.3.2.22.6 ;Emile Bernard- 1909;;;;
;1.3.4.3.2.22.7 ;Empire et Ecole romantique- 1909;;;;
;1.3.4.3.3 ;Belgische Galerien;;;;
;1.3.4.3.3.1 ;Galerie I.Epoque;;;;
;1.3.4.3.4 ;Schweizer Galerien;;;;
;1.3.4.3.4.1 ;Zürich : Galerie Henneberg;;;;
9658;1.3.5 ;Kunstbetrieb- Kunstmarkt- öffentlich< und private Sammlungen;;;;
;1.3.5.1 ;Auktionen;;;;
;1.3.5.2 ;Kunsthändler;;;;
;1.3.5.3 ;Französische Kunst in Deutschland;;;;
;1.3.5.4 ;Erwerbungen;;;;
;1.3.5.4.1 ;Erwerbungen deutscher Kunst in Frankreich;;;;
;1.3.5.4.2 ;Enterbungen deutscher Kunst in Deutschland;;;;
;1.3.5.4.3 ;Enterbungen französischer Kunst in Deutschland;;;;
;1.3.5.5 ;Hangung;;;;
;1.3.5.6 ;Museen;;;;
;1.3.5.6.1 ;Französische Museen;;;;
;1.3.5.6.1.1 ;Avcsnes : Musée;;;;
;1.3.5.6.1 2 ;Amiens : Musée de Picardie;;;;
;1.3.5.6.1.3;    Besungen Musee des Beaux Arts;;;;
;1.3.5.6.1.4;    Calais:;;;;
;1.3.5.6.1.5;    Cambrai Musee;;;;
;1.3.5.6.1.6;    Chantilly Musee;;;;
;1.3.5.6.1.7;    Colmar  Musee Unterlinden;;;;
;1.3.5.6.1.8;    Compitgne du Chateau;;;;
;1.3.5.6.1.9;    Dijon Musee des Beaux Arts;;;;
;1.3.5.6.1.10;Douai Musee;;;;
;1.3.5.6.1.11;Dunkerque Musee;;;;
;1.3.5.6.1.12;Fontainebleau Cletteau;;;;
;1.3.5.6.1.13;La Musee ;;;;
;1.3.5.6.1.14;Laon Musee;;;;
;1.3.5.6.1.15;Lille Musee des Beaux Arts;;;;
;1.3.5.6.1.16;Lyon Musee des Beaux Arts;;;;
;1.3.5.6.1.17;Maubeuge Musee ;;;;
;1.3.5.6.1.18;Montpellier Musee des Beaux-Arts;;;;
;1.3.5.6.1.19;Montauban Musee Ingres;;;;
;1.3.5.6.1.20;Paris Musee ;;;;
;1.3.5.6.1.20.1;1929 Exposition des Peintres Graveurs allemands contemporains;;;; 
;1.3.5.6.1.21        Paris : Musée des ans dtcoratifs;;;;;
;1.3.5.6.1.22        Paris : Musée dc Cluny;;;;;
;1.3.5.6.1.23        Paris Gobelins;;;;;
;1.3.5.6.1.24        Paris Musée Guimet;;;;;
;1.3.5.6.1.25        Paris : Musée du lcu dc Pune;;;;;
;1.3.5.6.1.25.1          1909. Cent portraits de Femme des ecoles anglaise et franeaisc du XVIIIe sitck;;;;;
;1.3.5.6.1.25.2          1924- Exposition darr suissc;;;;;
;1.3.5.6.1.25.3          1927- Tresors de Maximilicn ler;;;;;
;1.3.5.6.1.25.4          1927. exposition Max Liebermann (projet);;;;;
;1.3.5.6.1.26        Paris : Musee du Luxembourg;;;;;
;1.3.5.6.1.27        Paris : Musée du Louvre;;;;;
;1.3.5.6.1.28     Paris : Musée de I'Opera;;;;;
;1.3.5.6.1.29     Paris : Musée de ('Orangerie ;;;;;
;1.3.5.6.1.30        Paris - Musée du Petit Palais;;;;;
;1.3.5.6.1.30.1      1910. Derer-Rembrandt;;;;;
;1.3.5.6.1.30.2      Exposition d'oeuvres d'art muliltes par les Allcmands- 1917 ;;;;;
;1.3.5.6.131         Paris : Musée de Sevres;;;;;
;1.3.5.6.1.32        Paris : Musée du Trocadtro;;;;;
;1.3.5.6.1.33        Paris : Musée Carnavalct;;;;;
;1.3.5.6.1.34     Monne : Musée;;;;;
;1.3.5.6.1.35        Saint-Germain-en-laye Musée;;;;;
;1.3.5.6.1.36        Saint-Quentin : Musée Lecuyer;;;;;
;1.3.5.6.1.37        Strasbourg : Musée Alsacien;;;;;
;1.3.5.6.1.38        Reims : Museum;;;;;
;1.3.5.6.1.39        Rasen Musée des Bcaux-Are;;;;;
;1.3.5.6.1.40        Rucil-Malmaison . Musée du chätcau;;;;;
;1.3.5.6.1.41        Troyes Musée;;;;;
;1.3.5.6.1.42        Valenciennes : Musée;;;;;
;1.3.5.6.1.43        Valenciennes : Miete Carpeaux;;;;;
;1.3.5.6.1.44        Versailles : Galeries du Chäteau;;;;;
;1.3.5.6.2 ;       Deutsche Museen;;;;
;1.3.5.6.2.1     Aachen Sucrniondt Museum;;;;;
;1.3.5.6.2.2     Altona : Musée d'histoirc naturelle et de foIllore;;;;;
;1.3.5.6.2.3     Augsburg : Museum;;;;;
;1.3.5.6.2.4     Baden-Baden : Galerie Grand-ducale;;;;;
;1.3.5.6.2.5     Bonn Musée provincial;;;;;
;1.3.5.6.2.6     Berlin: Akademie der Kunste;;;;;
;1.3.5.6.2.6.1    1910. Ausstellung französischer Kunst des 18.1h.;;;;;
;1.3.5.6.2.7     Berlin : Museumsinsel;;;;;
;1.3.5.6.2.8     Berlin : Altes Museum;;;;;
;1.3.5.6.2.9     Berlin : Kaiser-Enedrich-Museum (Sode Museum);;;;;
;1.3.5.6.2.9.1    Exposition crocuvres «an ancien- 1906;;;;;
;1.3.5.6.2.10    Berlin : Kunstgewerbemuseum;;;;;
;1.3.5.6.2.10.1   1894. Joseph Sattler Ausstellung;;;;;
;1.3.5.6.2.11    Berlin . Musée ethnographique;;;;;
;1.3.5.6.2.12    Berlin Museum fur Volkskunde;;;;;
;1.3.5.6.2.13    Berlin : Nationalgalerie;;;;;
;1.3.5.6.2.13.1      Exposition centennale allemandc. 1906;;;;;
;1.3.5.6.2.14    Berlin Pergamon Museum;;;;;
;1.3.5.6.2.15    Berlin : Muse Beuth-Schinkel;;;;;
;1.3.5.6.2.16    Braunschweig : Herzog Anton Ulrich-Museum;;;;;
;1.3.5.6.2.17 ;Braunschweig : Museum;;;;
;1.15.6.2.18 ;Bremen : Kunsthalle;;;;
;1.3.5.6.2.19 ;Bremen : Musée ethnographique;;;;
;1.3.5.6.2.20 ;Darmstadt : Landesmuseum;;;;
;1.3.5.6.2.21    Donaueschingen . Galerie du prince de Furstenberg;;;;;
;1.3.5.6.2.22 ;Dresden : Museum;;;;
;1.3.5.6.2.23 ;Dresden : Musée ethnographique;;;;
;1.3.5.6.2.24 ;Dresden : Königliche Bibliothek;;;;
;1.3.5.6.2.25    Dresden Galerie dc moulagc;;;;;
;1.3.5.6.2.26 ;Dresden Galerie royale;;;;
;1.3.5.6.2.27 ;Elberfeld : Museum;;;;
;1.3.5.6 2.28 ;Frankfurt : Goethe-Haus;;;;
;1.3.5.6.2.29 ;Frankfurt : Kunstgewerbemuseum;;;;
;1.3.5.6.2.30 ;Frankfurt: Stadelsches Kunstinstitut;;;;
;1.3.5.6.2.30.1 ;    1910. französische Kunst des 18. Jh. (pastels et dessins);;;;
;1.3.5.6.2.31 ;Hagen : Karl Ernst Osthaus-Museum;;;;
;1.3.5.6.2.32 ;Hagen : Museum;;;;
;1.3.5.6.2.33 ;Hagen : Kunstgewerbemuseum;;;;
;1.3.5.6.2.34 ;Hagen : Folkwang Museum;;;;
;1.3.5.6.2.35 ;Hamburg. Museum;;;;
;1.3.5.6.2.35.1 ;    1927. Europäische Kunst der Gegenwart;;;;
;1.3.5.6.2.36 ;Hambourg : Musée ethnographique;;;;
;1.3.5.6.2.37 ;Hamburg : Museum für Kunst und Gewerbe;;;;
;1.3.5.6.2.38 ;Hamburg : Hamburger Kunsthalle;;;;
;1.3.5.6.2.39 ;Kassel : Museum;;;;
;1.3.5.6.2.40 ;Kassel : Musée national hessois;;;;
;1.3.5.6.2.41 ;Karlsruhe : Museum;;;;
;13.5.6.2.42 ;Köln Wallraff-klebuni Museum;;;;
;1.3.5.6.2.43 ;Köln : Museum;;;;
;1.3.5.6.2.44 ;Köln Musée archiepiscopal;;;;
;1.3.5.6.2.45 ;Köln : Rautenstrauch kiest Museum Ihr Völkerkunde;;;;
;1.3.5.6.2.46 ;Krefeld Kunstgewerbemuseum;;;;
;1.3.5.6.2.47 ;Krefeld : Kaiser-Wilhelm Museum;;;;
;1.3.5.6.2.47.1  ;Exposition d'art franeals- 1907;;;;
;1.3.5.6.2.48 ;Leipzig : Museum für dekorative Kunst;;;;
;1.3.5.6.2.48.1 ;1927- dekorative Kunst Ausstellung;;;;
;1.3.5.6.2.49 ;Leipzig : Musée du livre;;;;
;1.3.5.6.2.49.1  ;Exposition «an graphique du Deutscher Künstlerbund- 1907 ;;;;
;1.3.5.6.2.50 ;Leipzig Museum;;;;
;1.3.5.6.2.51 ;Leipzig : Grassi Museum (musée ethnographique);;;;
;1.3.5.6.2.52 ;Mannheim : Museum;;;;
;1.3.5.6.2.53 ;Mannheim Städtische Kunsthalle;;;;
;1.3.5.6.2.53.1  1928- Max Bockmann Ausstellung;;;;;
;1.3.5.6.2.54 ;München Alte Pinakothek;;;;
;1.3.5.6.2.55 ;München : Bayerisches Gewerbemuseum;;;;
;1.3.5.6.2.55.1 ;Exposition d'art annlupe. 1)06;;;;
;1.3.5.6.2.56 ;München : Bayerisches Nationalmuseum;;;;
;1.3.5.6.2.57 ;München : Mus& ethnographique (Bayerisches ?);;;;
;1.3.5.6.2.58 ;München : Kupferstich Kabinett;;;;
;1.3.5.6.2.59 ;München : Kunstverein Galerie;;;;
;1.3.5.6.2.60 ;München : Lenbach Haus;;;;
;1.3.5.6.2.61 ;München Neue Pinakothek;;;;
;1.3.5.6.2.62 ;München . Glyptothek;;;;
;1.3.5.6.2.63 ;München : Schackgalerie;;;;
;1.3.5.6.2.64 ;München Secession Galerie;;;;
;1.3.5.6.2.65 ;Nürnberg : Germanisches Nationalmuseum;;;;
;1.3.5.6.2.66 ;Nürnberg : Mustc ethnograplume;;;;
;1.3.5.6.2.67 ;Postdam Musee;;;;
;1.3.5.6.2.68 ;Stuttgart : Museum;;;;
;1.3.5.6.2.69 ;Stuttgart : Kitsch Museum;;;;
;1.3.5.6.2.70 ;Weimar Museum;;;;
;1.3.5.6.2.71 ;Wiesbaden : Museum;;;;
;1.3.5.6.2.71.1 ;Exposition Bartholome 1)07;;;;
;1.3.5.6.3 ;Britische Museen;;;;
;1.3.5.6.3.1 ;London : National-Gallery;;;;
;1.3.5.6.3.2 ;South Kensington Museum;;;;
;1.3.5.6.4 ;Holländisch< Museen;;;;
;1.3.5.6.4.1 ;Amsterdam : Sophia Augusta Sterling;;;;
;1.3.5.6.4.2 ;Amsterdam : Stedclijk Museum;;;;
;1.3.5.6.4.3 ;Amsterdam : Rijksmuscum;;;;
;1.3.5.61.4 ;Harlem : Museum;;;;
;1.3.5.6.4.5 ;La time Museum;;;;
;1.3.5.6.5 ;Italienische Museen;;;;
;1.3.5.6.5.1 ;Firenze : Musee national;;;;
;1.3.5.6.5.2 ;Firenze : Mus& des Offices;;;;
;1.3.5.6.5.3 ;Naples : Galerie Borghese;;;;
;1.3.5.6.5.4 ;Roma : Musee du Capitole;;;;
;1.15.6.5.5 ;Venedig : Galerie dc l'Academie Royale des Beaux-arts;;;;
;1.3.5.6.5.6 ;Venedig : Palais ducal;;;;
;1.3.5.6.5.7 ;Venedig : Palais des Doge&;;;;
;1.3.5.6.6 ;Osterreichische Museen;;;;
;1.3.5.6.6.1 ;Wien . Schloss Belveder;;;;
;1.3.5.6.6.2 ;Wien : Albenin Museum;;;;
;1.3.5.6.6.3 ;Wien : Mus& imperial;;;;
;1.3.5.6.6.4 ;Wien : Mus& d'art decoratif;;;;
;1.3.5.6.7 ;Rassische Museen;;;;
;1.3.5.6.7.1 ;Ermitagc;;;;
;1.3.5.6.8 ;Schweizer Museen;;;;
;1.3.5.6.8.1 ;Basel : Kunsthalle;;;;
;1.3.5.6.8.1.1 ;1897- Bricklin 'uhileum;;;;
;1.3.5.6.8.1.2 ;1897- Exposition Ilolbeir;;;;
;1.3.5-6.8.2 ;Basel : Holbein Museum;;;;
;1.3.5.6.8.3 ;Basel : Mus& d'art nopulaue;;;;
;1.33.6.8.4 ;Genf;;;;
;1.3.5.6.8.4.1 ;1927- exposition Kokoscika;;;;
;1.3.5.6.8.5 ;Zürich : Museum;;;;
;1.3.5-6.8.6 ;Zürich : Mus& Jan populaire ;;;;
;1.3.5.6.9 ;Belgique : Musees;;;;
;1.3.5.6.9.1 ;Anvers : Musc'e;;;;
;1.3.5.7 ;Privatsammlungen;;;;
;1.3.5.7.1 ;In Frankreich;;;;
;1.3.5.7.1.1 ;Paris : Coll. Mme Edouad Ande;;;;
;1.3.5.7.1.2; Paris : Coll. Noel Bardac;;;;
;1.3.5.7.1.3 ;Paris : Coll. Sigismond Ilardac;;;;
;1.3.5.7.1.4 ;Paris : Coll. Molsc de Camondi;;;;
;1.3.5.7.1.5 ;Paris : Coll. Comtesse Jean dc Castellane;;;;
;1.3.5.7.1.6 ;Paris : Coll. Marquis dc Chapmay;;;;
;1.3.5.7.1.7 ;Paris : Coll. Jean Charcot;;;;
;1.3.5.7.1.8 ;Paris : Coll. Comtesse Cosse-lrissac;;;;
;1.3.5.7.1.9 ;Paris : Coll. Faure;;;;
;1.3.5.7.1.10 ;Paris : Coll. Maurice Fettaille;;;;
;1.3.5.7.1.11 ;Paris : Coll. Gaston Menier;;;;
;1.3.5.7.1.12 ;Paris. Coll. Mitthell;;;;
;1.3.5.7.1.13; Paris : Coll. Molinier;;;;
;1.3.5.7.1.14 ;Paris : Colt. Morhange;;;;
;1.3.5.7.1.15 ;Paris- Coll. Dollfus;;;;
;1.3.5.7.1.16 ;Paris- Coll. Duc d'Aumale;;;;
;1.3.5.7.1.17 ;Paris : Colt Groult;;;;
;1.3.5.7.1.18 ;Pans : Coll. Comic Lariboisiere;;;;
;1.3.5.7.1.19 ;Paris : Coll. Albert lehmann;;;;
;1.3.5.7.1.20 ;Paris : Coll. Lichtentern;;;;
;1.3.5.7.1.21 ;Paris : Sammlung Patin;;;;
;1.3.5.7.1.22 ;Paris : Coll. J. Peytel;;;;
;1.3.5.7.1.23 ;Paris : Coll.;;;;
;1.3.5.7.1.24 ;Paris : Colt. Mmc Jules Portes;;;;
;1.3.5.7.1.25 ;Paris : Coll. A Reyre;;;;
;1.3.5.7.1.26 ;Paris : Cell- Edmond dc Rothschild;;;;
;1.3.5.7.1.27 ;Paris : Sammlung Henri de Rothschild;;;;
;1.33.7.1.28 ;Paris : Coll. Maurice dc Rothschild;;;;
;1.3.5.7.1.29 ;Paris : Coll. baron de Schlichting;;;;
;1.3.5.7.1.30 ;Paris- Coll. Charles Sedelme)cr;;;;
;1.3.5.7.1.31 ;Paris : Coll. Mme Louis Stern;;;;
;1.3.5.7.1.32 ;Paris : Coll. Thome-Thitry;;;;
;1.3.5.7.1.33 ;Paris : coll. Turner;;;;
;1.3.5.7.1.34 ;Paris : Coll. Veil-Picard;;;;
;1.3.5.7.1.35 ;Paris Coll. Wildenstein;;;;
;1.3.5.7.1.36 ;Paris- Galene Simon;;;;
;1.3.5.7.1.37 ;Paris. Stauestst W Uhde et H. Kahnseiler- 1921;;;;
;1.3.5.7.1.38 ;Coll. duc de Madrid;;;;
;1.3.5.7.2 ;In Deutschland;;;;
;1.3.5.7.2.1 ;Aachen- Sammlung Ludwig Suermondt;;;;
;1.3.5.7.2.2 ;Berlin. Sammlung Arnhold;;;;
;1.3.5.7.2.3 ;Berlin- Sammlung Bernstein;;;;
;1.3.5.7.2.4 ;Berlin- Sammlung Friedrich der Grosse;;;;
;1.3.5.7.2.5 ;Berlin Sammlung Janas Simon;;;;
;1.3.5.7.2.6 ;Berlin. Sammlung Max Liebermann;;;;
;1.3.5.7.2.7 ;Berlin : Sammlung Seeger;;;;
;1.3.5.7.2.8 ;Berlin. Sammlung Suermondt;;;;
;1.3.5.7.2.9 ;Dresden- Sammlung Schmitz;;;;
;1.3.5.7.2.10 ;Dresden : Sammlung August der Starke;;;;
;1.3.5.7.2.11 ;Dusseldorf. Sammlung Alfred Flechtheim;;;;
;1.3.5.7.2.12 ;Hagen- Sammlung Karl Ernst Osthaus;;;;
;1.3.5.7.2-13 ;Hamburg. Sammlung E. Weber;;;;
;1.3.5.7.2.14 ;München Schackgalerie;;;;
;1.3.5.7.2.15 ;München Coll. George Hink;;;;
;1.3.5.7.2.16 ;München- Sammlung Knorr;;;;
;1.3.5.7.2.17 ;Potsdam Sammlung Friedrich II;;;;
;1.3.5.7.2.18 ;Sammlung grand duc de Bade;;;;
;1.3.5.7.2.19 ;Coll. Grand duc dc Hesse;;;;
;1.3.5.7.2.20 ;Coll. Princesse Fredenc-Charles de Hesse;;;;
;1.3.5.7.2.21 ;Sammlung von Carstanjen;;;;
;1.3.5.7.2.22 ;Coll Kraemer;;;;
;1.3.5.7.2.23 ;Sammlung Comic Pourtales;;;;
;1.3.5.7.2.24 ;Sammlung Dr Paul Amdt;;;;
;1.3.5.7.2.25 ;Sanunlung Fritz von Uhde;;;;
;1.3.5.7.2.26 ;Sammlung Leo Stein;;;;
;1.3.5.7.2.27 ;Sammlung Spitzer;;;;
;1.3.5.7.2.28 ;Sammlung Thiem;;;;
;1.3.5.7.2.29 ;Sammlung Wesondonck;;;;
;1.3.5.7.3 ;In der Schweiz;;;;
;13.5.7.3.1 ;Winterthur- Sammlung Oskar Reinhan;;;;
;1.3.5.7.4 ;In Holland;;;;
;1.3.5.7.4.1 ;Amsterdam : Sammlung van der Fehen;;;;
9728;1.3.6 ;Deutschsprachige Zeitschrifteraeitungen;;;;
;1.3.6.1 ;Christliche Kunst;;;;
;1.3.6.2 ;Christliches Kunstblatt;;;;
;1.3.6.3 ;Cicerone;;;;
;1.3.6.4 ;Dekorative Kunst;;;;
;1.3.6.5 ;Deutsche Kunst und Dekoration;;;;
;1.3.6.6 ;Deutsche Zeitschrill;;;;
;13.6.7 ;Fliegende Blatter;;;;
;1.3.6.8 ;Flornal (revue luxembourgeoise) 1.3.6.9 Frankfurter Allgemeine Zeitung 1.3.6.10 ;;;;
;1.3.6.11 ;Hohewart;;;;
;1.3.6.12 ;Innendekoration;;;;
;1.3.6.13 ;die Insel;;;;
;1.3.6.14 ;Jahrbuch (Berlin);;;;
;13.6.15 ;Jugend;;;;
;1.3.6.16 ;Kind und Kunst (1904-) 1.3.6.17 Kritik;;;;
;1.3.6.18 ;Die Kultur;;;;
;13.6.19 ;Die Kunst;;;;
;13.6.20 ;Das Kunstblau;;;;
;1.3.6.21 ;Der Kunstfreund;;;;
;1.3.6.22 ;Die Kunst für alle;;;;
;1.3.6.23 ;Die Kunsthalle;;;;
;1.3.6.24 ;Kladderadatsch;;;;
;1.3.6.25 ;Kunst und Künstler;;;;
;1.3.6.26 ;Kunst und Kunsthandwerk;;;;
;1.3.6.27 ;Kunstwart;;;;
;1.3.6.28 ;Lustige Blatter (Berlin);;;;
;13.6.29 ;Moderne Kunstwerke;;;;
;13.6.30 ;Monatshefte für Kunstwissenschaft;;;;
;1.3.6.31 ;Monatsschrift für Ncuc Literatur und Kunst;;;;
;1.3.6.32 ;Morgen;;;;
;1.3.6.33 ;Muscumskunde;;;;
;1.3.6.34 ;Neue deutsche Rundschau;;;;
;1.3.6.35 ;Nouvelle Gazette dc Zürich;;;;
;1.3.6.36 ;Pan;;;;
;1.3.6.37 ;Punch;;;;
;13.6.38 ;Querschnitt;;;;
;1.3.6.39 ;Simplicissimus (1895 - );;;;
;1.3.6.40 ;Der Sturm;;;;
;1.3.6.41 ;Überall;;;;
;1.3.6.42 ;Ulk (Berlin);;;;
;1.3.6.43 ;Ver Sauum;;;;
;1.3.6.44 ;Die Weissen Blauer;;;;
;1.3.6.45 ;Zeitschrift für bildende Kunst;;;;
;1.3.6.46 ;Zeitschrift für christlischc Kunst;;;;
;1.3.6.47 ;Zukunft;;;;
;1.3.7 ;Journaux/Revues suisses;;;;
;1.3.7.1 ;L'Art suisse;;;;
9379;1.4 ;Bewertungen. Einschatzungen der Kritik;;;;
9672;1.4.1 ;Definition der deutsch-französischen Beziehungen;;;;
;1.4.1.1 ;Internationaler Wettbewerb;;;;
;1.4.1.2 ;Vergleich Deutschland und Frankreich;;;;
;1.4.1.3 ;Überlegenheit Frankreichs;;;;
;1.4.1.4 ;Überlegenheit Deutschlands;;;;
;1.4.1.5 ;Vorbild Frankreich;;;;
;1.4.1.6 ;Vorbild Deutschland;;;;
;1.4.1.7 ;Deutsche-französische Zusammenarbeit;;;;
;1.4.1.8 ;Selbständigkeit Deutchlands;;;;
;1.4.1.9 ;Entwicklung Deutschland. deutscher Kunst;;;;
;1.4.1.10 ;Mangel an Kenntnis deutscher Kunst;;;;
;1.4.1.11 ;Mangel an Kenntnis französischer Kunst;;;;
;1.4.2 ;Künstlerische und geschichtliche Auffassung;;;;
;1.4.2.1 ;Museologie. Museographie;;;;
;1.4.2.2 ;Attributions;;;;
;1.4.2.3 ;Kunstgeschichte/Kunstkritik als Fach;;;;
;1.4.2.4 ;Tainische Theorie;;;;
;1.4.2.5 ;Germanisch vs Romanisch;;;;
;1.4.2.6 ;Stilkritik- ethaique;;;;
;1.4.2.7 ;Ursprung der gothischen Kunst;;;;
;1.4.2.8 ;Geschmack;;;;
;1.4.2.9 ;Kultur- Civilisation;;;;
;1.4.2.10 ;Modernität;;;;
;1.4.2.11 ;Les deux Allemagnes;;;;
;1.4.2.12 ;München als Kunsthauptstadt;;;;
;1.4.2.13 ;Kunst ohne Grenzen;;;;
9380;1.4.3 ;Ästhetische- moralische- technische Bewertungen;;;;
11388;1.4.4 ;Nationale Charakterisierung;;;;
